geo_id,municipality_raw,median_household_income,unemployment_rate_pct,mean_household_income,poverty_rate_families_pct,municipality,acs_year
0600000US3402500070,"Aberdeen township, Monmouth County, New Jersey",124074.0,5.2,141306.0,,ABERDEEN,2023
0600000US3400100100,"Absecon city, Atlantic County, New Jersey",77516.0,6.5,105065.0,,ABSECON,2023
0600000US3401900550,"Alexandria township, Hunterdon County, New Jersey",156797.0,9.3,195347.0,,ALEXANDRIA,2023
0600000US3404100670,"Allamuchy township, Warren County, New Jersey",130170.0,8.9,152013.0,,ALLAMUCHY,2023
0600000US3400300700,"Allendale borough, Bergen County, New Jersey",156992.0,2.7,269334.0,,ALLENDALE,2023
0600000US3402500730,"Allenhurst borough, Monmouth County, New Jersey",96500.0,14.4,178097.0,,ALLENHURST,2023
0600000US3402500760,"Allentown borough, Monmouth County, New Jersey",134583.0,4.8,154860.0,,ALLENTOWN,2023
0600000US3403300880,"Alloway township, Salem County, New Jersey",120227.0,4.5,143365.0,,ALLOWAY,2023
0600000US3404101030,"Alpha borough, Warren County, New Jersey",83125.0,2.7,99499.0,,ALPHA,2023
0600000US3400301090,"Alpine borough, Bergen County, New Jersey",,7.1,389568.0,,ALPINE,2023
0600000US3403701360,"Andover township, Sussex County, New Jersey",123333.0,4.2,202233.0,,ANDOVER,2023
0600000US3403701330,"Andover borough, Sussex County, New Jersey",78750.0,3.3,108674.0,,ANDOVER,2023
0600000US3402501960,"Asbury Park city, Monmouth County, New Jersey",71080.0,5.8,104048.0,,ASBURY PARK,2023
0600000US3400102080,"Atlantic City city, Atlantic County, New Jersey",36220.0,12.6,56952.0,,ATLANTIC CITY,2023
0600000US3402502110,"Atlantic Highlands borough, Monmouth County, New Jersey",125438.0,4.3,178873.0,,ATLANTIC HIGHLANDS,2023
0600000US3400702200,"Audubon borough, Camden County, New Jersey",116900.0,4.2,130923.0,,AUDUBON,2023
0600000US3400702230,"Audubon Park borough, Camden County, New Jersey",53333.0,6.0,64036.0,,AUDUBON PARK,2023
0600000US3400902320,"Avalon borough, Cape May County, New Jersey",143482.0,2.4,228118.0,,AVALON,2023
0600000US3402502440,"Avon-by-the-Sea borough, Monmouth County, New Jersey",109113.0,7.1,175304.0,,AVON-BY-THE-SEA,2023
0600000US3402903050,"Barnegat township, Ocean County, New Jersey",89301.0,8.2,104278.0,,BARNEGAT,2023
0600000US3402903130,"Barnegat Light borough, Ocean County, New Jersey",104583.0,18.8,163412.0,,BARNEGAT LIGHT,2023
0600000US3400703250,"Barrington borough, Camden County, New Jersey",84334.0,5.1,107621.0,,BARRINGTON,2023
0600000US3400503370,"Bass River township, Burlington County, New Jersey",80000.0,7.0,95627.0,,BASS RIVER,2023
0600000US3402903520,"Bay Head borough, Ocean County, New Jersey",145417.0,0.9,230391.0,,BAY HEAD,2023
0600000US3401703580,"Bayonne city, Hudson County, New Jersey",81285.0,5.6,103406.0,,BAYONNE,2023
0600000US3402903940,"Beach Haven borough, Ocean County, New Jersey",114868.0,3.2,195433.0,,BEACH HAVEN,2023
0600000US3402904180,"Beachwood borough, Ocean County, New Jersey",102043.0,2.9,119768.0,,BEACHWOOD,2023
0600000US3403504450,"Bedminster township, Somerset County, New Jersey",113292.0,4.0,171389.0,,BEDMINSTER,2023
0600000US3401304695,"Belleville township, Essex County, New Jersey",90249.0,10.1,112001.0,,BELLEVILLE,2023
0600000US3400704750,"Bellmawr borough, Camden County, New Jersey",74812.0,5.3,89461.0,,BELLMAWR,2023
0600000US3402504930,"Belmar borough, Monmouth County, New Jersey",92859.0,7.2,149881.0,,BELMAR,2023
0600000US3404104990,"Belvidere town, Warren County, New Jersey",100334.0,6.1,98580.0,,BELVIDERE,2023
0600000US3400305170,"Bergenfield borough, Bergen County, New Jersey",124083.0,5.7,144403.0,,BERGENFIELD,2023
0600000US3402905305,"Berkeley township, Ocean County, New Jersey",63946.0,7.2,97675.0,,BERKELEY,2023
0600000US3403905320,"Berkeley Heights township, Union County, New Jersey",198750.0,3.8,251882.0,,BERKELEY HEIGHTS,2023
0600000US3400705470,"Berlin township, Camden County, New Jersey",74828.0,2.1,93501.0,,BERLIN,2023
0600000US3400705440,"Berlin borough, Camden County, New Jersey",101008.0,1.8,123886.0,,BERLIN,2023
0600000US3403505560,"Bernards township, Somerset County, New Jersey",182480.0,3.9,271015.0,,BERNARDS,2023
0600000US3403505590,"Bernardsville borough, Somerset County, New Jersey",231006.0,3.7,315101.0,,BERNARDSVILLE,2023
0600000US3401905650,"Bethlehem township, Hunterdon County, New Jersey",163021.0,0.8,198067.0,,BETHLEHEM,2023
0600000US3400505740,"Beverly city, Burlington County, New Jersey",92807.0,6.8,109072.0,,BEVERLY,2023
0600000US3404106160,"Blairstown township, Warren County, New Jersey",127907.0,5.9,142407.0,,BLAIRSTOWN,2023
0600000US3401306260,"Bloomfield township, Essex County, New Jersey",98811.0,6.1,126553.0,,BLOOMFIELD,2023
0600000US3403106340,"Bloomingdale borough, Passaic County, New Jersey",126221.0,4.2,156893.0,,BLOOMINGDALE,2023
0600000US3401906370,"Bloomsbury borough, Hunterdon County, New Jersey",88068.0,5.5,94566.0,,BLOOMSBURY,2023
0600000US3400306490,"Bogota borough, Bergen County, New Jersey",107321.0,8.0,129677.0,,BOGOTA,2023
0600000US3402706640,"Boonton township, Morris County, New Jersey",186964.0,4.2,242540.0,,BOONTON,2023
0600000US3402706610,"Boonton town, Morris County, New Jersey",100417.0,6.2,121402.0,,BOONTON,2023
0600000US3400506700,"Bordentown township, Burlington County, New Jersey",115507.0,4.7,143190.0,,BORDENTOWN,2023
0600000US3400506670,"Bordentown city, Burlington County, New Jersey",91208.0,5.3,103127.0,,BORDENTOWN,2023
0600000US3403506790,"Bound Brook borough, Somerset County, New Jersey",80876.0,5.0,104100.0,,BOUND BROOK,2023
0600000US3402506970,"Bradley Beach borough, Monmouth County, New Jersey",94722.0,2.1,117124.0,,BRADLEY BEACH,2023
0600000US3403507180,"Branchburg township, Somerset County, New Jersey",169087.0,6.9,199172.0,,BRANCHBURG,2023
0600000US3403707300,"Branchville borough, Sussex County, New Jersey",124167.0,0.6,119354.0,,BRANCHVILLE,2023
0600000US3402907420,"Brick township, Ocean County, New Jersey",101170.0,6.1,124181.0,,BRICK,2023
0600000US3401107600,"Bridgeton city, Cumberland County, New Jersey",46124.0,6.0,57724.0,,BRIDGETON,2023
0600000US3403507720,"Bridgewater township, Somerset County, New Jersey",170641.0,3.4,194791.0,,BRIDGEWATER,2023
0600000US3402507750,"Brielle borough, Monmouth County, New Jersey",167754.0,7.7,228399.0,,BRIELLE,2023
0600000US3400107810,"Brigantine city, Atlantic County, New Jersey",88906.0,5.7,136635.0,,BRIGANTINE,2023
0600000US3400708170,"Brooklawn borough, Camden County, New Jersey",55882.0,5.7,66977.0,,BROOKLAWN,2023
0600000US3400108680,"Buena borough, Atlantic County, New Jersey",78393.0,12.2,100108.0,,BUENA,2023
0600000US3400108710,"Buena Vista township, Atlantic County, New Jersey",79436.0,6.7,98172.0,,BUENA VISTA,2023
0600000US3400508950,"Burlington township, Burlington County, New Jersey",96955.0,4.7,116261.0,,BURLINGTON,2023
0600000US3400508920,"Burlington city, Burlington County, New Jersey",78009.0,12.5,96822.0,,BURLINGTON,2023
0600000US3402709040,"Butler borough, Morris County, New Jersey",110375.0,5.0,118967.0,,BUTLER,2023
0600000US3403709160,"Byram township, Sussex County, New Jersey",137367.0,6.0,161164.0,,BYRAM,2023
0600000US3401309250,"Caldwell borough, Essex County, New Jersey",101196.0,4.0,146736.0,,CALDWELL,2023
0600000US3401909280,"Califon borough, Hunterdon County, New Jersey",130938.0,3.7,146126.0,,CALIFON,2023
0600000US3400710000,"Camden city, Camden County, New Jersey",40450.0,14.1,56494.0,,CAMDEN,2023
0600000US3400910270,"Cape May city, Cape May County, New Jersey",57230.0,2.5,125833.0,,CAPE MAY,2023
0600000US3400910330,"Cape May Point borough, Cape May County, New Jersey",88333.0,0.0,206514.0,,CAPE MAY POINT,2023
0600000US3400310480,"Carlstadt borough, Bergen County, New Jersey",94854.0,5.4,116583.0,,CARLSTADT,2023
0600000US3403310610,"Carneys Point township, Salem County, New Jersey",74925.0,7.2,81929.0,,CARNEYS POINT,2023
0600000US3402310750,"Carteret borough, Middlesex County, New Jersey",87553.0,8.8,111904.0,,CARTERET,2023
0600000US3401311200,"Cedar Grove township, Essex County, New Jersey",153038.0,9.1,178976.0,,CEDAR GROVE,2023
0600000US3402712130,"Chatham township, Morris County, New Jersey",223380.0,5.2,329433.0,,CHATHAM,2023
0600000US3402712100,"Chatham borough, Morris County, New Jersey",,5.9,311921.0,,CHATHAM,2023
0600000US3400712280,"Cherry Hill township, Camden County, New Jersey",122485.0,5.5,159917.0,,CHERRY HILL,2023
0600000US3400712550,"Chesilhurst borough, Camden County, New Jersey",89904.0,5.5,102869.0,,CHESILHURST,2023
0600000US3402712610,"Chester township, Morris County, New Jersey",,11.3,292784.0,,CHESTER,2023
0600000US3402712580,"Chester borough, Morris County, New Jersey",152578.0,3.8,200572.0,,CHESTER,2023
0600000US3400512670,"Chesterfield township, Burlington County, New Jersey",193224.0,2.8,207913.0,,CHESTERFIELD,2023
0600000US3400512940,"Cinnaminson township, Burlington County, New Jersey",123542.0,6.6,144197.0,,CINNAMINSON,2023
0600000US3401313045,"City of Orange township, Essex County, New Jersey",53306.0,11.4,74252.0,,CITY OF ORANGE,2023
0600000US3403913150,"Clark township, Union County, New Jersey",122610.0,5.3,140620.0,,CLARK,2023
0600000US3401513360,"Clayton borough, Gloucester County, New Jersey",89375.0,6.6,101523.0,,CLAYTON,2023
0600000US3400713420,"Clementon borough, Camden County, New Jersey",69536.0,6.3,78420.0,,CLEMENTON,2023
0600000US3400313570,"Cliffside Park borough, Bergen County, New Jersey",94960.0,4.8,125224.0,,CLIFFSIDE PARK,2023
0600000US3403113690,"Clifton city, Passaic County, New Jersey",99003.0,7.0,122924.0,,CLIFTON,2023
0600000US3401913750,"Clinton township, Hunterdon County, New Jersey",153771.0,6.7,199854.0,,CLINTON,2023
0600000US3401913720,"Clinton town, Hunterdon County, New Jersey",142563.0,2.5,164672.0,,CLINTON,2023
0600000US3400313810,"Closter borough, Bergen County, New Jersey",187500.0,4.4,244506.0,,CLOSTER,2023
0600000US3400714260,"Collingswood borough, Camden County, New Jersey",83917.0,6.7,122596.0,,COLLINGSWOOD,2023
0600000US3402514560,"Colts Neck township, Monmouth County, New Jersey",184412.0,5.0,266508.0,,COLTS NECK,2023
0600000US3401114710,"Commercial township, Cumberland County, New Jersey",52602.0,4.0,71621.0,,COMMERCIAL,2023
0600000US3400115160,"Corbin City city, Atlantic County, New Jersey",88839.0,8.5,102456.0,,CORBIN CITY,2023
0600000US3400900000,"County subdivisions not defined, Cape May County, New Jersey",,,,,COUNTY SUBDIVISIONS NOT DEFINED,2023
0600000US3402900000,"County subdivisions not defined, Ocean County, New Jersey",,,,,COUNTY SUBDIVISIONS NOT DEFINED,2023
0600000US3402500000,"County subdivisions not defined, Monmouth County, New Jersey",,,,,COUNTY SUBDIVISIONS NOT DEFINED,2023
0600000US3401100000,"County subdivisions not defined, Cumberland County, New Jersey",,,,,COUNTY SUBDIVISIONS NOT DEFINED,2023
0600000US3400100000,"County subdivisions not defined, Atlantic County, New Jersey",,,,,COUNTY SUBDIVISIONS NOT DEFINED,2023
0600000US3402315550,"Cranbury township, Middlesex County, New Jersey",212250.0,4.4,271258.0,,CRANBURY,2023
0600000US3403915640,"Cranford township, Union County, New Jersey",148629.0,3.4,196676.0,,CRANFORD,2023
0600000US3400315820,"Cresskill borough, Bergen County, New Jersey",173293.0,4.8,206370.0,,CRESSKILL,2023
0600000US3402516660,"Deal borough, Monmouth County, New Jersey",77679.0,4.1,171248.0,,DEAL,2023
0600000US3401116900,"Deerfield township, Cumberland County, New Jersey",88558.0,7.1,113719.0,,DEERFIELD,2023
0600000US3400517080,"Delanco township, Burlington County, New Jersey",75361.0,5.4,92268.0,,DELANCO,2023
0600000US3401917170,"Delaware township, Hunterdon County, New Jersey",160735.0,2.5,250499.0,,DELAWARE,2023
0600000US3400517440,"Delran township, Burlington County, New Jersey",106195.0,3.8,130988.0,,DELRAN,2023
0600000US3400317530,"Demarest borough, Bergen County, New Jersey",175078.0,5.9,308276.0,,DEMAREST,2023
0600000US3400917560,"Dennis township, Cape May County, New Jersey",111591.0,2.2,128635.0,,DENNIS,2023
0600000US3402717650,"Denville township, Morris County, New Jersey",163276.0,5.7,186450.0,,DENVILLE,2023
0600000US3401517710,"Deptford township, Gloucester County, New Jersey",90128.0,4.7,113248.0,,DEPTFORD,2023
0600000US3402718070,"Dover town, Morris County, New Jersey",70519.0,4.6,86685.0,,DOVER,2023
0600000US3401118220,"Downe township, Cumberland County, New Jersey",64239.0,8.0,87591.0,,DOWNE,2023
0600000US3400318400,"Dumont borough, Bergen County, New Jersey",125585.0,3.2,141984.0,,DUMONT,2023
0600000US3402318490,"Dunellen borough, Middlesex County, New Jersey",84789.0,5.6,114120.0,,DUNELLEN,2023
0600000US3402918670,"Eagleswood township, Ocean County, New Jersey",93000.0,3.6,117403.0,,EAGLESWOOD,2023
0600000US3401918820,"East Amwell township, Hunterdon County, New Jersey",139191.0,2.6,158558.0,,EAST AMWELL,2023
0600000US3402319000,"East Brunswick township, Middlesex County, New Jersey",140769.0,4.6,173267.0,,EAST BRUNSWICK,2023
0600000US3401519180,"East Greenwich township, Gloucester County, New Jersey",143921.0,1.0,170051.0,,EAST GREENWICH,2023
0600000US3402719210,"East Hanover township, Morris County, New Jersey",144792.0,4.2,186957.0,,EAST HANOVER,2023
0600000US3401719360,"East Newark borough, Hudson County, New Jersey",65272.0,12.1,73575.0,,EAST NEWARK,2023
0600000US3401319390,"East Orange city, Essex County, New Jersey",59872.0,10.3,77550.0,,EAST ORANGE,2023
0600000US3400319510,"East Rutherford borough, Bergen County, New Jersey",91789.0,4.8,117434.0,,EAST RUTHERFORD,2023
0600000US3402119780,"East Windsor township, Mercer County, New Jersey",103656.0,4.6,134726.0,,EAST WINDSOR,2023
0600000US3400518790,"Eastampton township, Burlington County, New Jersey",105450.0,3.7,111894.0,,EASTAMPTON,2023
0600000US3402519840,"Eatontown borough, Monmouth County, New Jersey",90174.0,8.4,109802.0,,EATONTOWN,2023
0600000US3400320020,"Edgewater borough, Bergen County, New Jersey",137847.0,4.9,200210.0,,EDGEWATER,2023
0600000US3400520050,"Edgewater Park township, Burlington County, New Jersey",78977.0,5.0,91813.0,,EDGEWATER PARK,2023
0600000US3402320230,"Edison township, Middlesex County, New Jersey",124388.0,5.8,155729.0,,EDISON,2023
0600000US3400120290,"Egg Harbor township, Atlantic County, New Jersey",96068.0,7.7,119925.0,,EGG HARBOR,2023
0600000US3400120350,"Egg Harbor City city, Atlantic County, New Jersey",67604.0,11.6,74809.0,,EGG HARBOR CITY,2023
0600000US3403921000,"Elizabeth city, Union County, New Jersey",63874.0,6.9,83176.0,,ELIZABETH,2023
0600000US3401521060,"Elk township, Gloucester County, New Jersey",144470.0,6.8,169122.0,,ELK,2023
0600000US3403321240,"Elmer borough, Salem County, New Jersey",92757.0,3.6,105285.0,,ELMER,2023
0600000US3400321300,"Elmwood Park borough, Bergen County, New Jersey",100852.0,7.4,118200.0,,ELMWOOD PARK,2023
0600000US3403321330,"Elsinboro township, Salem County, New Jersey",91985.0,5.2,112362.0,,ELSINBORO,2023
0600000US3400321450,"Emerson borough, Bergen County, New Jersey",153963.0,7.1,181846.0,,EMERSON,2023
0600000US3400321480,"Englewood city, Bergen County, New Jersey",101398.0,6.5,158295.0,,ENGLEWOOD,2023
0600000US3400321510,"Englewood Cliffs borough, Bergen County, New Jersey",222192.0,4.5,289181.0,,ENGLEWOOD CLIFFS,2023
0600000US3402521570,"Englishtown borough, Monmouth County, New Jersey",101736.0,7.7,138389.0,,ENGLISHTOWN,2023
0600000US3401321840,"Essex Fells borough, Essex County, New Jersey",,3.9,373266.0,,ESSEX FELLS,2023
0600000US3400121870,"Estell Manor city, Atlantic County, New Jersey",107417.0,4.1,125177.0,,ESTELL MANOR,2023
0600000US3400522110,"Evesham township, Burlington County, New Jersey",116745.0,3.7,148643.0,,EVESHAM,2023
0600000US3402122185,"Ewing township, Mercer County, New Jersey",87125.0,5.7,103653.0,,EWING,2023
0600000US3402522440,"Fair Haven borough, Monmouth County, New Jersey",237132.0,3.2,328614.0,,FAIR HAVEN,2023
0600000US3400322470,"Fair Lawn borough, Bergen County, New Jersey",147952.0,4.7,174208.0,,FAIR LAWN,2023
0600000US3401322385,"Fairfield township, Essex County, New Jersey",113750.0,12.4,151880.0,,FAIRFIELD,2023
0600000US3401122350,"Fairfield township, Cumberland County, New Jersey",61506.0,9.3,86235.0,,FAIRFIELD,2023
0600000US3400322560,"Fairview borough, Bergen County, New Jersey",64152.0,8.2,103528.0,,FAIRVIEW,2023
0600000US3403922860,"Fanwood borough, Union County, New Jersey",176667.0,2.8,195832.0,,FANWOOD,2023
0600000US3403522890,"Far Hills borough, Somerset County, New Jersey",152188.0,4.7,289312.0,,FAR HILLS,2023
0600000US3402522950,"Farmingdale borough, Monmouth County, New Jersey",97574.0,13.1,103047.0,,FARMINGDALE,2023
0600000US3400523250,"Fieldsboro borough, Burlington County, New Jersey",88125.0,2.3,129520.0,,FIELDSBORO,2023
0600000US3401923700,"Flemington borough, Hunterdon County, New Jersey",74213.0,3.7,114197.0,,FLEMINGTON,2023
0600000US3400523850,"Florence township, Burlington County, New Jersey",104792.0,5.1,125284.0,,FLORENCE,2023
0600000US3402723910,"Florham Park borough, Morris County, New Jersey",147714.0,4.6,182857.0,,FLORHAM PARK,2023
0600000US3400123940,"Folsom borough, Atlantic County, New Jersey",112857.0,9.1,133623.0,,FOLSOM,2023
0600000US3400324420,"Fort Lee borough, Bergen County, New Jersey",105535.0,5.0,139980.0,,FORT LEE,2023
0600000US3403724810,"Frankford township, Sussex County, New Jersey",113642.0,4.5,133792.0,,FRANKFORD,2023
0600000US3401524840,"Franklin township, Gloucester County, New Jersey",104303.0,6.4,119855.0,,FRANKLIN,2023
0600000US3401924870,"Franklin township, Hunterdon County, New Jersey",155766.0,1.8,180730.0,,FRANKLIN,2023
0600000US3403724930,"Franklin borough, Sussex County, New Jersey",90152.0,7.1,91075.0,,FRANKLIN,2023
0600000US3403524900,"Franklin township, Somerset County, New Jersey",118034.0,4.4,149869.0,,FRANKLIN,2023
0600000US3404124960,"Franklin township, Warren County, New Jersey",126250.0,3.4,147092.0,,FRANKLIN,2023
0600000US3400324990,"Franklin Lakes borough, Bergen County, New Jersey",230987.0,2.3,321350.0,,FRANKLIN LAKES,2023
0600000US3403725140,"Fredon township, Sussex County, New Jersey",142292.0,3.5,196672.0,,FREDON,2023
0600000US3402525230,"Freehold township, Monmouth County, New Jersey",125739.0,3.3,158581.0,,FREEHOLD,2023
0600000US3402525200,"Freehold borough, Monmouth County, New Jersey",82183.0,7.1,104461.0,,FREEHOLD,2023
0600000US3404125320,"Frelinghuysen township, Warren County, New Jersey",122006.0,7.4,158011.0,,FRELINGHUYSEN,2023
0600000US3401925350,"Frenchtown borough, Hunterdon County, New Jersey",107969.0,5.5,140794.0,,FRENCHTOWN,2023
0600000US3400125560,"Galloway township, Atlantic County, New Jersey",90622.0,5.8,112135.0,,GALLOWAY,2023
0600000US3400325770,"Garfield city, Bergen County, New Jersey",75701.0,5.6,101293.0,,GARFIELD,2023
0600000US3403925800,"Garwood borough, Union County, New Jersey",100948.0,6.0,140199.0,,GARWOOD,2023
0600000US3400726070,"Gibbsboro borough, Camden County, New Jersey",99881.0,8.2,136574.0,,GIBBSBORO,2023
0600000US3401526340,"Glassboro borough, Gloucester County, New Jersey",80388.0,8.6,102918.0,,GLASSBORO,2023
0600000US3401926550,"Glen Gardner borough, Hunterdon County, New Jersey",98750.0,5.4,143881.0,,GLEN GARDNER,2023
0600000US3401326610,"Glen Ridge borough, Essex County, New Jersey",248016.0,6.1,300489.0,,GLEN RIDGE,2023
0600000US3400326640,"Glen Rock borough, Bergen County, New Jersey",210369.0,6.1,263142.0,,GLEN ROCK,2023
0600000US3400726760,"Gloucester township, Camden County, New Jersey",97936.0,6.7,113167.0,,GLOUCESTER,2023
0600000US3400726820,"Gloucester City city, Camden County, New Jersey",70942.0,6.0,83496.0,,GLOUCESTER CITY,2023
0600000US3403727420,"Green township, Sussex County, New Jersey",137083.0,5.2,179533.0,,GREEN,2023
0600000US3403527510,"Green Brook township, Somerset County, New Jersey",218864.0,5.0,223514.0,,GREEN BROOK,2023
0600000US3404128260,"Greenwich township, Warren County, New Jersey",172417.0,5.1,192809.0,,GREENWICH,2023
0600000US3401528185,"Greenwich township, Gloucester County, New Jersey",90508.0,2.7,111009.0,,GREENWICH,2023
0600000US3401128170,"Greenwich township, Cumberland County, New Jersey",87000.0,3.4,108103.0,,GREENWICH,2023
0600000US3401728650,"Guttenberg town, Hudson County, New Jersey",77636.0,6.5,100502.0,,GUTTENBERG,2023
0600000US3400328680,"Hackensack city, Bergen County, New Jersey",82212.0,6.5,108662.0,,HACKENSACK,2023
0600000US3404128710,"Hackettstown town, Warren County, New Jersey",91250.0,7.9,107500.0,,HACKETTSTOWN,2023
0600000US3400728740,"Haddon township, Camden County, New Jersey",112255.0,9.2,124155.0,,HADDON,2023
0600000US3400728800,"Haddon Heights borough, Camden County, New Jersey",126055.0,4.8,152592.0,,HADDON HEIGHTS,2023
0600000US3400728770,"Haddonfield borough, Camden County, New Jersey",190882.0,3.4,279257.0,,HADDONFIELD,2023
0600000US3400529010,"Hainesport township, Burlington County, New Jersey",137610.0,0.9,175424.0,,HAINESPORT,2023
0600000US3403129070,"Haledon borough, Passaic County, New Jersey",94178.0,5.1,106986.0,,HALEDON,2023
0600000US3403729220,"Hamburg borough, Sussex County, New Jersey",90655.0,3.8,109517.0,,HAMBURG,2023
0600000US3402129310,"Hamilton township, Mercer County, New Jersey",97481.0,5.6,117209.0,,HAMILTON,2023
0600000US3400129280,"Hamilton township, Atlantic County, New Jersey",85582.0,9.9,101082.0,,HAMILTON,2023
0600000US3400129430,"Hammonton town, Atlantic County, New Jersey",83044.0,8.0,112756.0,,HAMMONTON,2023
0600000US3401929460,"Hampton borough, Hunterdon County, New Jersey",77222.0,6.4,107938.0,,HAMPTON,2023
0600000US3403729490,"Hampton township, Sussex County, New Jersey",105636.0,7.8,123334.0,,HAMPTON,2023
0600000US3402729550,"Hanover township, Morris County, New Jersey",159681.0,3.6,190282.0,,HANOVER,2023
0600000US3402729700,"Harding township, Morris County, New Jersey",178810.0,6.8,318455.0,,HARDING,2023
0600000US3404129820,"Hardwick township, Warren County, New Jersey",124167.0,8.6,146765.0,,HARDWICK,2023
0600000US3403729850,"Hardyston township, Sussex County, New Jersey",119103.0,7.0,139896.0,,HARDYSTON,2023
0600000US3404130090,"Harmony township, Warren County, New Jersey",93478.0,4.1,118394.0,,HARMONY,2023
0600000US3400330150,"Harrington Park borough, Bergen County, New Jersey",180515.0,4.1,236792.0,,HARRINGTON PARK,2023
0600000US3401730210,"Harrison town, Hudson County, New Jersey",82290.0,5.5,109408.0,,HARRISON,2023
0600000US3401530180,"Harrison township, Gloucester County, New Jersey",169048.0,4.2,195959.0,,HARRISON,2023
0600000US3402930390,"Harvey Cedars borough, Ocean County, New Jersey",148333.0,3.6,238882.0,,HARVEY CEDARS,2023
0600000US3400330420,"Hasbrouck Heights borough, Bergen County, New Jersey",118670.0,6.6,136606.0,,HASBROUCK HEIGHTS,2023
0600000US3400330540,"Haworth borough, Bergen County, New Jersey",227841.0,2.8,266825.0,,HAWORTH,2023
0600000US3403130570,"Hawthorne borough, Passaic County, New Jersey",118093.0,5.0,142341.0,,HAWTHORNE,2023
0600000US3402530690,"Hazlet township, Monmouth County, New Jersey",121307.0,3.7,136527.0,,HAZLET,2023
0600000US3402330840,"Helmetta borough, Middlesex County, New Jersey",104143.0,6.8,124257.0,,HELMETTA,2023
0600000US3400732220,"Hi-Nella borough, Camden County, New Jersey",75227.0,5.2,77355.0,,HI-NELLA,2023
0600000US3401931320,"High Bridge borough, Hunterdon County, New Jersey",116424.0,5.8,135605.0,,HIGH BRIDGE,2023
0600000US3402331470,"Highland Park borough, Middlesex County, New Jersey",101991.0,4.7,128940.0,,HIGHLAND PARK,2023
0600000US3402531500,"Highlands borough, Monmouth County, New Jersey",90082.0,9.6,128050.0,,HIGHLANDS,2023
0600000US3402131620,"Hightstown borough, Mercer County, New Jersey",107431.0,4.2,139793.0,,HIGHTSTOWN,2023
0600000US3403531890,"Hillsborough township, Somerset County, New Jersey",153549.0,4.5,194292.0,,HILLSBOROUGH,2023
0600000US3400331920,"Hillsdale borough, Bergen County, New Jersey",169862.0,2.9,196123.0,,HILLSDALE,2023
0600000US3403931980,"Hillside township, Union County, New Jersey",98558.0,7.8,116588.0,,HILLSIDE,2023
0600000US3400332310,"Ho-Ho-Kus borough, Bergen County, New Jersey",,1.9,397531.0,,HO-HO-KUS,2023
0600000US3401732250,"Hoboken city, Hudson County, New Jersey",176943.0,3.4,230113.0,,HOBOKEN,2023
0600000US3401932460,"Holland township, Hunterdon County, New Jersey",127644.0,6.0,137462.0,,HOLLAND,2023
0600000US3402532640,"Holmdel township, Monmouth County, New Jersey",172566.0,4.1,253222.0,,HOLMDEL,2023
0600000US3403732910,"Hopatcong borough, Sussex County, New Jersey",114057.0,3.1,133670.0,,HOPATCONG,2023
0600000US3404133060,"Hope township, Warren County, New Jersey",106212.0,4.7,119445.0,,HOPE,2023
0600000US3402133180,"Hopewell township, Mercer County, New Jersey",177088.0,3.5,220588.0,,HOPEWELL,2023
0600000US3401133120,"Hopewell township, Cumberland County, New Jersey",87083.0,4.0,109685.0,,HOPEWELL,2023
0600000US3402133150,"Hopewell borough, Mercer County, New Jersey",142396.0,1.4,192453.0,,HOPEWELL,2023
0600000US3402533300,"Howell township, Monmouth County, New Jersey",129855.0,4.6,145876.0,,HOWELL,2023
0600000US3404133930,"Independence township, Warren County, New Jersey",101282.0,4.3,129776.0,,INDEPENDENCE,2023
0600000US3402534200,"Interlaken borough, Monmouth County, New Jersey",180972.0,3.5,217896.0,,INTERLAKEN,2023
0600000US3401334450,"Irvington township, Essex County, New Jersey",59232.0,8.6,77480.0,,IRVINGTON,2023
0600000US3402934530,"Island Heights borough, Ocean County, New Jersey",107308.0,3.2,154843.0,,ISLAND HEIGHTS,2023
0600000US3402934680,"Jackson township, Ocean County, New Jersey",108947.0,4.7,126213.0,,JACKSON,2023
0600000US3402334890,"Jamesburg borough, Middlesex County, New Jersey",117719.0,4.5,123551.0,,JAMESBURG,2023
0600000US3402734980,"Jefferson township, Morris County, New Jersey",115094.0,3.8,137985.0,,JEFFERSON,2023
0600000US3401736000,"Jersey City city, Hudson County, New Jersey",94813.0,5.8,136770.0,,JERSEY CITY,2023
0600000US3402536480,"Keansburg borough, Monmouth County, New Jersey",87484.0,4.6,96131.0,,KEANSBURG,2023
0600000US3401736510,"Kearny town, Hudson County, New Jersey",83212.0,5.2,102794.0,,KEARNY,2023
0600000US3403936690,"Kenilworth borough, Union County, New Jersey",126295.0,7.1,155710.0,,KENILWORTH,2023
0600000US3402536810,"Keyport borough, Monmouth County, New Jersey",79036.0,11.8,100356.0,,KEYPORT,2023
0600000US3401937065,"Kingwood township, Hunterdon County, New Jersey",146927.0,4.5,179457.0,,KINGWOOD,2023
0600000US3402737110,"Kinnelon borough, Morris County, New Jersey",178102.0,9.4,232704.0,,KINNELON,2023
0600000US3404137320,"Knowlton township, Warren County, New Jersey",98750.0,5.9,119654.0,,KNOWLTON,2023
0600000US3402937380,"Lacey township, Ocean County, New Jersey",100519.0,5.6,125509.0,,LACEY,2023
0600000US3403737440,"Lafayette township, Sussex County, New Jersey",118750.0,4.0,147937.0,,LAFAYETTE,2023
0600000US3402537560,"Lake Como borough, Monmouth County, New Jersey",83056.0,6.3,118067.0,,LAKE COMO,2023
0600000US3402937770,"Lakehurst borough, Ocean County, New Jersey",80458.0,5.8,86288.0,,LAKEHURST,2023
0600000US3402938550,"Lakewood township, Ocean County, New Jersey",62947.0,6.1,95998.0,,LAKEWOOD,2023
0600000US3401938610,"Lambertville city, Hunterdon County, New Jersey",106236.0,3.2,175123.0,,LAMBERTVILLE,2023
0600000US3400739210,"Laurel Springs borough, Camden County, New Jersey",120795.0,4.7,128614.0,,LAUREL SPRINGS,2023
0600000US3402939390,"Lavallette borough, Ocean County, New Jersey",120938.0,1.7,182456.0,,LAVALLETTE,2023
0600000US3400739420,"Lawnside borough, Camden County, New Jersey",70338.0,12.0,97414.0,,LAWNSIDE,2023
0600000US3401139450,"Lawrence township, Cumberland County, New Jersey",84554.0,5.6,103747.0,,LAWRENCE,2023
0600000US3402139510,"Lawrence township, Mercer County, New Jersey",119689.0,6.0,153665.0,,LAWRENCE,2023
0600000US3401939660,"Lebanon township, Hunterdon County, New Jersey",131626.0,6.9,149837.0,,LEBANON,2023
0600000US3401939630,"Lebanon borough, Hunterdon County, New Jersey",108672.0,2.8,148873.0,,LEBANON,2023
0600000US3400340020,"Leonia borough, Bergen County, New Jersey",116429.0,5.6,184645.0,,LEONIA,2023
0600000US3404140110,"Liberty township, Warren County, New Jersey",119167.0,3.2,144481.0,,LIBERTY,2023
0600000US3402740290,"Lincoln Park borough, Morris County, New Jersey",119000.0,10.3,146574.0,,LINCOLN PARK,2023
0600000US3403940350,"Linden city, Union County, New Jersey",91036.0,8.5,114403.0,,LINDEN,2023
0600000US3400740440,"Lindenwold borough, Camden County, New Jersey",55099.0,3.6,67595.0,,LINDENWOLD,2023
0600000US3400140530,"Linwood city, Atlantic County, New Jersey",135904.0,7.2,190325.0,,LINWOOD,2023
0600000US3402940560,"Little Egg Harbor township, Ocean County, New Jersey",89441.0,3.5,116510.0,,LITTLE EGG HARBOR,2023
0600000US3403140620,"Little Falls township, Passaic County, New Jersey",126518.0,6.5,146835.0,,LITTLE FALLS,2023
0600000US3400340680,"Little Ferry borough, Bergen County, New Jersey",79476.0,7.5,108788.0,,LITTLE FERRY,2023
0600000US3402540770,"Little Silver borough, Monmouth County, New Jersey",220746.0,3.1,297321.0,,LITTLE SILVER,2023
0600000US3401340890,"Livingston township, Essex County, New Jersey",218416.0,4.1,283091.0,,LIVINGSTON,2023
0600000US3402541010,"Loch Arbour village, Monmouth County, New Jersey",115417.0,11.5,163397.0,,LOCH ARBOUR,2023
0600000US3400341100,"Lodi borough, Bergen County, New Jersey",84570.0,5.9,118010.0,,LODI,2023
0600000US3401541160,"Logan township, Gloucester County, New Jersey",113770.0,5.3,128672.0,,LOGAN,2023
0600000US3402941250,"Long Beach township, Ocean County, New Jersey",113542.0,12.3,209265.0,,LONG BEACH,2023
0600000US3402541310,"Long Branch city, Monmouth County, New Jersey",73381.0,7.2,103733.0,,LONG BRANCH,2023
0600000US3402741362,"Long Hill township, Morris County, New Jersey",165112.0,6.3,211586.0,,LONG HILL,2023
0600000US3400141370,"Longport borough, Atlantic County, New Jersey",103523.0,8.8,209454.0,,LONGPORT,2023
0600000US3404141490,"Lopatcong township, Warren County, New Jersey",88388.0,6.0,105733.0,,LOPATCONG,2023
0600000US3400941610,"Lower township, Cape May County, New Jersey",80731.0,8.2,101270.0,,LOWER,2023
0600000US3403341640,"Lower Alloways Creek township, Salem County, New Jersey",75000.0,3.1,98309.0,,LOWER ALLOWAYS CREEK,2023
0600000US3400542060,"Lumberton township, Burlington County, New Jersey",111739.0,6.4,147450.0,,LUMBERTON,2023
0600000US3400342090,"Lyndhurst township, Bergen County, New Jersey",109021.0,6.4,133505.0,,LYNDHURST,2023
0600000US3402742510,"Madison borough, Morris County, New Jersey",168469.0,6.8,247235.0,,MADISON,2023
0600000US3400742630,"Magnolia borough, Camden County, New Jersey",89489.0,6.1,99937.0,,MAGNOLIA,2023
0600000US3400342750,"Mahwah township, Bergen County, New Jersey",128125.0,5.5,173304.0,,MAHWAH,2023
0600000US3402542990,"Manalapan township, Monmouth County, New Jersey",151297.0,4.3,188173.0,,MANALAPAN,2023
0600000US3402543050,"Manasquan borough, Monmouth County, New Jersey",156542.0,2.8,221362.0,,MANASQUAN,2023
0600000US3402943140,"Manchester township, Ocean County, New Jersey",58612.0,6.1,76950.0,,MANCHESTER,2023
0600000US3403343200,"Mannington township, Salem County, New Jersey",132917.0,2.7,133071.0,,MANNINGTON,2023
0600000US3404143320,"Mansfield township, Warren County, New Jersey",94432.0,2.5,111495.0,,MANSFIELD,2023
0600000US3400543290,"Mansfield township, Burlington County, New Jersey",108851.0,4.6,140993.0,,MANSFIELD,2023
0600000US3402943380,"Mantoloking borough, Ocean County, New Jersey",,6.8,484326.0,,MANTOLOKING,2023
0600000US3401543440,"Mantua township, Gloucester County, New Jersey",114375.0,5.6,149200.0,,MANTUA,2023
0600000US3403543620,"Manville borough, Somerset County, New Jersey",93872.0,3.5,109179.0,,MANVILLE,2023
0600000US3400543740,"Maple Shade township, Burlington County, New Jersey",75732.0,5.2,88903.0,,MAPLE SHADE,2023
0600000US3401343800,"Maplewood township, Essex County, New Jersey",167428.0,7.1,219618.0,,MAPLEWOOD,2023
0600000US3400143890,"Margate City city, Atlantic County, New Jersey",114417.0,3.2,175558.0,,MARGATE CITY,2023
0600000US3402544070,"Marlboro township, Monmouth County, New Jersey",176076.0,3.5,227344.0,,MARLBORO,2023
0600000US3402544520,"Matawan borough, Monmouth County, New Jersey",122026.0,5.7,136501.0,,MATAWAN,2023
0600000US3401144580,"Maurice River township, Cumberland County, New Jersey",62743.0,9.0,121100.0,,MAURICE RIVER,2023
0600000US3400344880,"Maywood borough, Bergen County, New Jersey",119306.0,7.3,139569.0,,MAYWOOD,2023
0600000US3400545120,"Medford township, Burlington County, New Jersey",160733.0,3.4,199507.0,,MEDFORD,2023
0600000US3400545210,"Medford Lakes borough, Burlington County, New Jersey",151190.0,3.6,176148.0,,MEDFORD LAKES,2023
0600000US3402745360,"Mendham township, Morris County, New Jersey",,2.8,381677.0,,MENDHAM,2023
0600000US3402745330,"Mendham borough, Morris County, New Jersey",223750.0,3.2,312713.0,,MENDHAM,2023
0600000US3400745510,"Merchantville borough, Camden County, New Jersey",91607.0,3.3,115076.0,,MERCHANTVILLE,2023
0600000US3402345690,"Metuchen borough, Middlesex County, New Jersey",157779.0,5.3,190858.0,,METUCHEN,2023
0600000US3400945810,"Middle township, Cape May County, New Jersey",91040.0,8.4,112087.0,,MIDDLE,2023
0600000US3402345900,"Middlesex borough, Middlesex County, New Jersey",107063.0,4.7,131409.0,,MIDDLESEX,2023
0600000US3402545990,"Middletown township, Monmouth County, New Jersey",141723.0,5.9,191816.0,,MIDDLETOWN,2023
0600000US3400346110,"Midland Park borough, Bergen County, New Jersey",140063.0,8.0,171405.0,,MIDLAND PARK,2023
0600000US3401946260,"Milford borough, Hunterdon County, New Jersey",88295.0,7.1,106334.0,,MILFORD,2023
0600000US3401346380,"Millburn township, Essex County, New Jersey",,4.8,424832.0,,MILLBURN,2023
0600000US3402546560,"Millstone township, Monmouth County, New Jersey",199747.0,2.2,250427.0,,MILLSTONE,2023
0600000US3403546590,"Millstone borough, Somerset County, New Jersey",139209.0,6.2,162524.0,,MILLSTONE,2023
0600000US3402346620,"Milltown borough, Middlesex County, New Jersey",119958.0,4.8,139027.0,,MILLTOWN,2023
0600000US3401146680,"Millville city, Cumberland County, New Jersey",67190.0,7.9,122735.0,,MILLVILLE,2023
0600000US3402746860,"Mine Hill township, Morris County, New Jersey",113861.0,3.5,134197.0,,MINE HILL,2023
0600000US3402547130,"Monmouth Beach borough, Monmouth County, New Jersey",140074.0,4.0,249295.0,,MONMOUTH BEACH,2023
0600000US3402347280,"Monroe township, Middlesex County, New Jersey",106892.0,5.7,153048.0,,MONROE,2023
0600000US3401547250,"Monroe township, Gloucester County, New Jersey",94857.0,5.3,119261.0,,MONROE,2023
0600000US3403747430,"Montague township, Sussex County, New Jersey",99521.0,6.5,122966.0,,MONTAGUE,2023
0600000US3401347500,"Montclair township, Essex County, New Jersey",166765.0,4.3,243751.0,,MONTCLAIR,2023
0600000US3403547580,"Montgomery township, Somerset County, New Jersey",223409.0,4.4,264841.0,,MONTGOMERY,2023
0600000US3400347610,"Montvale borough, Bergen County, New Jersey",183664.0,4.4,207577.0,,MONTVALE,2023
0600000US3402747670,"Montville township, Morris County, New Jersey",170472.0,3.7,212609.0,,MONTVILLE,2023
0600000US3400347700,"Moonachie borough, Bergen County, New Jersey",108359.0,4.1,117833.0,,MOONACHIE,2023
0600000US3400547880,"Moorestown township, Burlington County, New Jersey",154368.0,4.4,239872.0,,MOORESTOWN,2023
0600000US3402748090,"Morris township, Morris County, New Jersey",194142.0,4.2,242329.0,,MORRIS,2023
0600000US3402748210,"Morris Plains borough, Morris County, New Jersey",149623.0,4.4,183461.0,,MORRIS PLAINS,2023
0600000US3402748300,"Morristown town, Morris County, New Jersey",115409.0,5.0,149673.0,,MORRISTOWN,2023
0600000US3402748690,"Mount Arlington borough, Morris County, New Jersey",99511.0,2.9,112363.0,,MOUNT ARLINGTON,2023
0600000US3400748750,"Mount Ephraim borough, Camden County, New Jersey",95137.0,6.2,108599.0,,MOUNT EPHRAIM,2023
0600000US3400548900,"Mount Holly township, Burlington County, New Jersey",83145.0,4.8,101731.0,,MOUNT HOLLY,2023
0600000US3400549020,"Mount Laurel township, Burlington County, New Jersey",114629.0,3.7,149993.0,,MOUNT LAUREL,2023
0600000US3402749080,"Mount Olive township, Morris County, New Jersey",119931.0,4.7,150763.0,,MOUNT OLIVE,2023
0600000US3402748480,"Mountain Lakes borough, Morris County, New Jersey",,2.1,327881.0,,MOUNTAIN LAKES,2023
0600000US3403948510,"Mountainside borough, Union County, New Jersey",210100.0,2.1,235424.0,,MOUNTAINSIDE,2023
0600000US3400149410,"Mullica township, Atlantic County, New Jersey",91875.0,4.2,113535.0,,MULLICA,2023
0600000US3401549680,"National Park borough, Gloucester County, New Jersey",81507.0,6.6,105737.0,,NATIONAL PARK,2023
0600000US3402549890,"Neptune township, Monmouth County, New Jersey",96827.0,8.1,125560.0,,NEPTUNE,2023
0600000US3402549920,"Neptune City borough, Monmouth County, New Jersey",82872.0,4.8,99568.0,,NEPTUNE CITY,2023
0600000US3402750130,"Netcong borough, Morris County, New Jersey",92596.0,2.0,104190.0,,NETCONG,2023
0600000US3402351210,"New Brunswick city, Middlesex County, New Jersey",60248.0,6.5,86186.0,,NEW BRUNSWICK,2023
0600000US3400551510,"New Hanover township, Burlington County, New Jersey",106786.0,7.7,132514.0,,NEW HANOVER,2023
0600000US3400351660,"New Milford borough, Bergen County, New Jersey",113513.0,6.4,138693.0,,NEW MILFORD,2023
0600000US3403951810,"New Providence borough, Union County, New Jersey",162877.0,3.3,220669.0,,NEW PROVIDENCE,2023
0600000US3401351000,"Newark city, Essex County, New Jersey",48416.0,10.9,66952.0,,NEWARK,2023
0600000US3401551390,"Newfield borough, Gloucester County, New Jersey",105000.0,1.0,121600.0,,NEWFIELD,2023
0600000US3403751930,"Newton town, Sussex County, New Jersey",73679.0,8.0,96324.0,,NEWTON,2023
0600000US3400352320,"North Arlington borough, Bergen County, New Jersey",101493.0,6.4,123306.0,,NORTH ARLINGTON,2023
0600000US3401752470,"North Bergen township, Hudson County, New Jersey",75505.0,5.7,98401.0,,NORTH BERGEN,2023
0600000US3402352560,"North Brunswick township, Middlesex County, New Jersey",117301.0,6.5,136434.0,,NORTH BRUNSWICK,2023
0600000US3401352620,"North Caldwell borough, Essex County, New Jersey",203140.0,6.3,296349.0,,NORTH CALDWELL,2023
0600000US3403153040,"North Haledon borough, Passaic County, New Jersey",131810.0,5.3,173197.0,,NORTH HALEDON,2023
0600000US3400553070,"North Hanover township, Burlington County, New Jersey",83447.0,6.7,98125.0,,NORTH HANOVER,2023
0600000US3403553280,"North Plainfield borough, Somerset County, New Jersey",83529.0,9.6,99705.0,,NORTH PLAINFIELD,2023
0600000US3400953490,"North Wildwood city, Cape May County, New Jersey",85812.0,3.1,136570.0,,NORTH WILDWOOD,2023
0600000US3400152950,"Northfield city, Atlantic County, New Jersey",104042.0,2.8,144081.0,,NORTHFIELD,2023
0600000US3400353430,"Northvale borough, Bergen County, New Jersey",117717.0,5.4,164724.0,,NORTHVALE,2023
0600000US3400353610,"Norwood borough, Bergen County, New Jersey",164766.0,1.2,180334.0,,NORWOOD,2023
0600000US3401353680,"Nutley township, Essex County, New Jersey",115389.0,4.8,145453.0,,NUTLEY,2023
0600000US3400353850,"Oakland borough, Bergen County, New Jersey",162862.0,4.9,181902.0,,OAKLAND,2023
0600000US3400753880,"Oaklyn borough, Camden County, New Jersey",81514.0,2.6,103678.0,,OAKLYN,2023
0600000US3402954300,"Ocean township, Ocean County, New Jersey",107364.0,7.4,131306.0,,OCEAN,2023
0600000US3402554270,"Ocean township, Monmouth County, New Jersey",112586.0,5.1,156362.0,,OCEAN,2023
0600000US3400954360,"Ocean City city, Cape May County, New Jersey",101782.0,3.1,144085.0,,OCEAN CITY,2023
0600000US3402954450,"Ocean Gate borough, Ocean County, New Jersey",75278.0,3.3,102114.0,,OCEAN GATE,2023
0600000US3402554570,"Oceanport borough, Monmouth County, New Jersey",156196.0,4.9,183171.0,,OCEANPORT,2023
0600000US3403754660,"Ogdensburg borough, Sussex County, New Jersey",104946.0,8.7,123644.0,,OGDENSBURG,2023
0600000US3402354705,"Old Bridge township, Middlesex County, New Jersey",100661.0,7.1,132890.0,,OLD BRIDGE,2023
0600000US3400354870,"Old Tappan borough, Bergen County, New Jersey",199250.0,2.5,247859.0,,OLD TAPPAN,2023
0600000US3403354810,"Oldmans township, Salem County, New Jersey",109420.0,10.7,139260.0,,OLDMANS,2023
0600000US3400354990,"Oradell borough, Bergen County, New Jersey",214736.0,3.4,233871.0,,ORADELL,2023
0600000US3404155530,"Oxford township, Warren County, New Jersey",106682.0,8.9,142889.0,,OXFORD,2023
0600000US3400355770,"Palisades Park borough, Bergen County, New Jersey",101295.0,5.4,130857.0,,PALISADES PARK,2023
0600000US3400555800,"Palmyra borough, Burlington County, New Jersey",85014.0,5.7,99105.0,,PALMYRA,2023
0600000US3400355950,"Paramus borough, Bergen County, New Jersey",139707.0,8.0,168718.0,,PARAMUS,2023
0600000US3400356130,"Park Ridge borough, Bergen County, New Jersey",165391.0,2.7,196995.0,,PARK RIDGE,2023
0600000US3402756460,"Parsippany-Troy Hills township, Morris County, New Jersey",112923.0,5.3,145106.0,,PARSIPPANY-TROY HILLS,2023
0600000US3403156550,"Passaic city, Passaic County, New Jersey",56780.0,11.3,79939.0,,PASSAIC,2023
0600000US3403157000,"Paterson city, Passaic County, New Jersey",53766.0,10.2,73306.0,,PATERSON,2023
0600000US3401557150,"Paulsboro borough, Gloucester County, New Jersey",68750.0,12.7,92001.0,,PAULSBORO,2023
0600000US3403557300,"Peapack and Gladstone borough, Somerset County, New Jersey",184231.0,1.5,255808.0,,PEAPACK AND GLADSTONE,2023
0600000US3400557510,"Pemberton township, Burlington County, New Jersey",79730.0,6.4,101048.0,,PEMBERTON,2023
0600000US3400557480,"Pemberton borough, Burlington County, New Jersey",88333.0,5.5,95754.0,,PEMBERTON,2023
0600000US3402157600,"Pennington borough, Mercer County, New Jersey",171282.0,2.5,206343.0,,PENNINGTON,2023
0600000US3403357750,"Penns Grove borough, Salem County, New Jersey",43889.0,16.9,57733.0,,PENNS GROVE,2023
0600000US3400757660,"Pennsauken township, Camden County, New Jersey",83412.0,8.2,98747.0,,PENNSAUKEN,2023
0600000US3403357870,"Pennsville township, Salem County, New Jersey",74219.0,10.6,96262.0,,PENNSVILLE,2023
0600000US3402758110,"Pequannock township, Morris County, New Jersey",117206.0,3.9,154055.0,,PEQUANNOCK,2023
0600000US3402358200,"Perth Amboy city, Middlesex County, New Jersey",58490.0,12.8,78766.0,,PERTH AMBOY,2023
0600000US3404158350,"Phillipsburg town, Warren County, New Jersey",67782.0,7.7,82937.0,,PHILLIPSBURG,2023
0600000US3403358530,"Pilesgrove township, Salem County, New Jersey",153242.0,2.2,166174.0,,PILESGROVE,2023
0600000US3402958590,"Pine Beach borough, Ocean County, New Jersey",121333.0,3.5,142592.0,,PINE BEACH,2023
0600000US3400758770,"Pine Hill borough, Camden County, New Jersey",68725.0,8.5,95260.0,,PINE HILL,2023
0600000US3402359010,"Piscataway township, Middlesex County, New Jersey",126308.0,7.4,146230.0,,PISCATAWAY,2023
0600000US3401559070,"Pitman borough, Gloucester County, New Jersey",96199.0,6.1,111586.0,,PITMAN,2023
0600000US3403359130,"Pittsgrove township, Salem County, New Jersey",83808.0,6.0,101966.0,,PITTSGROVE,2023
0600000US3403959190,"Plainfield city, Union County, New Jersey",80334.0,9.3,100586.0,,PLAINFIELD,2023
0600000US3402359280,"Plainsboro township, Middlesex County, New Jersey",124852.0,4.8,175905.0,,PLAINSBORO,2023
0600000US3400159640,"Pleasantville city, Atlantic County, New Jersey",52403.0,8.8,75785.0,,PLEASANTVILLE,2023
0600000US3402959790,"Plumsted township, Ocean County, New Jersey",89308.0,6.6,119107.0,,PLUMSTED,2023
0600000US3404159820,"Pohatcong township, Warren County, New Jersey",112981.0,3.5,123909.0,,POHATCONG,2023
0600000US3402959880,"Point Pleasant borough, Ocean County, New Jersey",108713.0,2.8,141119.0,,POINT PLEASANT,2023
0600000US3402959910,"Point Pleasant Beach borough, Ocean County, New Jersey",131641.0,6.9,169922.0,,POINT PLEASANT BEACH,2023
0600000US3403160090,"Pompton Lakes borough, Passaic County, New Jersey",119038.0,3.9,137296.0,,POMPTON LAKES,2023
0600000US3400160600,"Port Republic city, Atlantic County, New Jersey",130417.0,7.9,216521.0,,PORT REPUBLIC,2023
0600000US3402160900,"Princeton, Mercer County, New Jersey",184113.0,4.5,278669.0,,PRINCETON,2023
0600000US3403161170,"Prospect Park borough, Passaic County, New Jersey",48615.0,8.2,88840.0,,PROSPECT PARK,2023
0600000US3403361470,"Quinton township, Salem County, New Jersey",82500.0,4.8,98206.0,,QUINTON,2023
0600000US3403961530,"Rahway city, Union County, New Jersey",90852.0,7.4,105396.0,,RAHWAY,2023
0600000US3400361680,"Ramsey borough, Bergen County, New Jersey",164767.0,2.9,208767.0,,RAMSEY,2023
0600000US3402761890,"Randolph township, Morris County, New Jersey",176471.0,4.8,215973.0,,RANDOLPH,2023
0600000US3401961920,"Raritan township, Hunterdon County, New Jersey",159808.0,3.5,209825.0,,RARITAN,2023
0600000US3403561980,"Raritan borough, Somerset County, New Jersey",103699.0,5.4,141830.0,,RARITAN,2023
0600000US3401962250,"Readington township, Hunterdon County, New Jersey",150021.0,5.8,196779.0,,READINGTON,2023
0600000US3402562430,"Red Bank borough, Monmouth County, New Jersey",101738.0,3.1,144254.0,,RED BANK,2023
0600000US3400362910,"Ridgefield borough, Bergen County, New Jersey",115676.0,5.5,138456.0,,RIDGEFIELD,2023
0600000US3400362940,"Ridgefield Park village, Bergen County, New Jersey",98184.0,10.3,113612.0,,RIDGEFIELD PARK,2023
0600000US3400363000,"Ridgewood village, Bergen County, New Jersey",217250.0,3.5,288861.0,,RIDGEWOOD,2023
0600000US3403163150,"Ringwood borough, Passaic County, New Jersey",142529.0,5.6,176279.0,,RINGWOOD,2023
0600000US3400363360,"River Edge borough, Bergen County, New Jersey",155827.0,4.7,206885.0,,RIVER EDGE,2023
0600000US3400363690,"River Vale township, Bergen County, New Jersey",199021.0,4.2,229762.0,,RIVER VALE,2023
0600000US3402763300,"Riverdale borough, Morris County, New Jersey",96667.0,1.3,112976.0,,RIVERDALE,2023
0600000US3400563510,"Riverside township, Burlington County, New Jersey",74932.0,8.3,91075.0,,RIVERSIDE,2023
0600000US3400563660,"Riverton borough, Burlington County, New Jersey",126818.0,3.4,146569.0,,RIVERTON,2023
0600000US3402163850,"Robbinsville township, Mercer County, New Jersey",162813.0,5.0,184169.0,,ROBBINSVILLE,2023
0600000US3400363990,"Rochelle Park township, Bergen County, New Jersey",118259.0,3.9,137708.0,,ROCHELLE PARK,2023
0600000US3402764050,"Rockaway borough, Morris County, New Jersey",100028.0,8.5,133280.0,,ROCKAWAY,2023
0600000US3402764080,"Rockaway township, Morris County, New Jersey",139383.0,6.1,172010.0,,ROCKAWAY,2023
0600000US3400364170,"Rockleigh borough, Bergen County, New Jersey",166875.0,0.0,318833.0,,ROCKLEIGH,2023
0600000US3403564320,"Rocky Hill borough, Somerset County, New Jersey",127344.0,6.1,195779.0,,ROCKY HILL,2023
0600000US3402564410,"Roosevelt borough, Monmouth County, New Jersey",112614.0,3.3,136244.0,,ROOSEVELT,2023
0600000US3401364590,"Roseland borough, Essex County, New Jersey",160644.0,5.2,186979.0,,ROSELAND,2023
0600000US3403964620,"Roselle borough, Union County, New Jersey",82967.0,7.7,109554.0,,ROSELLE,2023
0600000US3403964650,"Roselle Park borough, Union County, New Jersey",104418.0,4.8,130165.0,,ROSELLE PARK,2023
0600000US3402764980,"Roxbury township, Morris County, New Jersey",130235.0,6.8,154847.0,,ROXBURY,2023
0600000US3402565130,"Rumson borough, Monmouth County, New Jersey",,4.8,405122.0,,RUMSON,2023
0600000US3400765160,"Runnemede borough, Camden County, New Jersey",100366.0,7.0,108572.0,,RUNNEMEDE,2023
0600000US3400365280,"Rutherford borough, Bergen County, New Jersey",136069.0,3.5,161554.0,,RUTHERFORD,2023
0600000US3400365340,"Saddle Brook township, Bergen County, New Jersey",125935.0,3.7,139711.0,,SADDLE BROOK,2023
0600000US3400365400,"Saddle River borough, Bergen County, New Jersey",236985.0,9.6,430209.0,,SADDLE RIVER,2023
0600000US3403365490,"Salem city, Salem County, New Jersey",40650.0,10.6,55708.0,,SALEM,2023
0600000US3403765700,"Sandyston township, Sussex County, New Jersey",104609.0,4.7,141094.0,,SANDYSTON,2023
0600000US3402365790,"Sayreville borough, Middlesex County, New Jersey",98629.0,5.1,120579.0,,SAYREVILLE,2023
0600000US3403966060,"Scotch Plains township, Union County, New Jersey",173564.0,4.4,215152.0,,SCOTCH PLAINS,2023
0600000US3402566240,"Sea Bright borough, Monmouth County, New Jersey",127738.0,4.3,196325.0,,SEA BRIGHT,2023
0600000US3402566330,"Sea Girt borough, Monmouth County, New Jersey",206000.0,4.8,359494.0,,SEA GIRT,2023
0600000US3400966390,"Sea Isle City city, Cape May County, New Jersey",98860.0,3.5,160510.0,,SEA ISLE CITY,2023
0600000US3402966450,"Seaside Heights borough, Ocean County, New Jersey",58988.0,6.9,71827.0,,SEASIDE HEIGHTS,2023
0600000US3402966480,"Seaside Park borough, Ocean County, New Jersey",83333.0,5.0,142616.0,,SEASIDE PARK,2023
0600000US3401766570,"Secaucus town, Hudson County, New Jersey",134746.0,6.1,166751.0,,SECAUCUS,2023
0600000US3400566810,"Shamong township, Burlington County, New Jersey",124836.0,3.2,158972.0,,SHAMONG,2023
0600000US3401167020,"Shiloh borough, Cumberland County, New Jersey",86250.0,10.4,94660.0,,SHILOH,2023
0600000US3402967110,"Ship Bottom borough, Ocean County, New Jersey",111250.0,2.5,163805.0,,SHIP BOTTOM,2023
0600000US3402567365,"Shrewsbury township, Monmouth County, New Jersey",80833.0,1.9,94690.0,,SHREWSBURY,2023
0600000US3402567350,"Shrewsbury borough, Monmouth County, New Jersey",144500.0,5.0,201017.0,,SHREWSBURY,2023
0600000US3400768340,"Somerdale borough, Camden County, New Jersey",79101.0,8.8,107800.0,,SOMERDALE,2023
0600000US3400168430,"Somers Point city, Atlantic County, New Jersey",68542.0,9.6,88345.0,,SOMERS POINT,2023
0600000US3403568460,"Somerville borough, Somerset County, New Jersey",103869.0,4.0,123549.0,,SOMERVILLE,2023
0600000US3402368550,"South Amboy city, Middlesex County, New Jersey",110125.0,5.8,112794.0,,SOUTH AMBOY,2023
0600000US3403568730,"South Bound Brook borough, Somerset County, New Jersey",102019.0,9.4,102270.0,,SOUTH BOUND BROOK,2023
0600000US3402368790,"South Brunswick township, Middlesex County, New Jersey",145575.0,5.7,184286.0,,SOUTH BRUNSWICK,2023
0600000US3400368970,"South Hackensack township, Bergen County, New Jersey",82750.0,2.9,127634.0,,SOUTH HACKENSACK,2023
0600000US3401569030,"South Harrison township, Gloucester County, New Jersey",131103.0,4.6,174425.0,,SOUTH HARRISON,2023
0600000US3401369274,"South Orange Village township, Essex County, New Jersey",187583.0,4.5,257640.0,,SOUTH ORANGE,2023
0600000US3402369390,"South Plainfield borough, Middlesex County, New Jersey",126063.0,7.2,143868.0,,SOUTH PLAINFIELD,2023
0600000US3402369420,"South River borough, Middlesex County, New Jersey",101853.0,8.9,120913.0,,SOUTH RIVER,2023
0600000US3402969510,"South Toms River borough, Ocean County, New Jersey",101466.0,8.0,109350.0,,SOUTH TOMS RIVER,2023
0600000US3400568610,"Southampton township, Burlington County, New Jersey",88793.0,6.8,117352.0,,SOUTHAMPTON,2023
0600000US3403769690,"Sparta township, Sussex County, New Jersey",167371.0,4.2,205915.0,,SPARTA,2023
0600000US3402369810,"Spotswood borough, Middlesex County, New Jersey",101388.0,9.6,119611.0,,SPOTSWOOD,2023
0600000US3402570110,"Spring Lake borough, Monmouth County, New Jersey",146976.0,2.8,253474.0,,SPRING LAKE,2023
0600000US3402570140,"Spring Lake Heights borough, Monmouth County, New Jersey",102829.0,4.8,140587.0,,SPRING LAKE HEIGHTS,2023
0600000US3403970020,"Springfield township, Union County, New Jersey",146059.0,4.7,168081.0,,SPRINGFIELD,2023
0600000US3400569990,"Springfield township, Burlington County, New Jersey",143343.0,3.2,157957.0,,SPRINGFIELD,2023
0600000US3402970320,"Stafford township, Ocean County, New Jersey",115544.0,4.4,132469.0,,STAFFORD,2023
0600000US3403770380,"Stanhope borough, Sussex County, New Jersey",134583.0,4.1,132356.0,,STANHOPE,2023
0600000US3403770890,"Stillwater township, Sussex County, New Jersey",109777.0,7.0,117459.0,,STILLWATER,2023
0600000US3401970980,"Stockton borough, Hunterdon County, New Jersey",105263.0,7.3,130295.0,,STOCKTON,2023
0600000US3400971010,"Stone Harbor borough, Cape May County, New Jersey",128235.0,3.4,245858.0,,STONE HARBOR,2023
0600000US3401171160,"Stow Creek township, Cumberland County, New Jersey",93036.0,8.0,157065.0,,STOW CREEK,2023
0600000US3400771220,"Stratford borough, Camden County, New Jersey",100735.0,4.3,122780.0,,STRATFORD,2023
0600000US3403971430,"Summit city, Union County, New Jersey",199107.0,4.3,304408.0,,SUMMIT,2023
0600000US3402971640,"Surf City borough, Ocean County, New Jersey",118333.0,5.7,204289.0,,SURF CITY,2023
0600000US3403771670,"Sussex borough, Sussex County, New Jersey",72601.0,1.3,100519.0,,SUSSEX,2023
0600000US3401571850,"Swedesboro borough, Gloucester County, New Jersey",91000.0,4.3,109971.0,,SWEDESBORO,2023
0600000US3400572060,"Tabernacle township, Burlington County, New Jersey",110404.0,2.1,133568.0,,TABERNACLE,2023
0600000US3400772240,"Tavistock borough, Camden County, New Jersey",,0.0,,,TAVISTOCK,2023
0600000US3400372360,"Teaneck township, Bergen County, New Jersey",134311.0,5.2,183345.0,,TEANECK,2023
0600000US3400372420,"Tenafly borough, Bergen County, New Jersey",208088.0,7.0,306103.0,,TENAFLY,2023
0600000US3400372480,"Teterboro borough, Bergen County, New Jersey",,4.7,81177.0,,TETERBORO,2023
0600000US3401972510,"Tewksbury township, Hunterdon County, New Jersey",188500.0,2.6,251994.0,,TEWKSBURY,2023
0600000US3402573020,"Tinton Falls borough, Monmouth County, New Jersey",113844.0,7.0,158389.0,,TINTON FALLS,2023
0600000US3402973125,"Toms River township, Ocean County, New Jersey",94964.0,4.9,126442.0,,TOMS RIVER,2023
0600000US3403173140,"Totowa borough, Passaic County, New Jersey",114177.0,4.5,137127.0,,TOTOWA,2023
0600000US3402174000,"Trenton city, Mercer County, New Jersey",47102.0,10.5,75636.0,,TRENTON,2023
0600000US3402974210,"Tuckerton borough, Ocean County, New Jersey",78934.0,8.3,103985.0,,TUCKERTON,2023
0600000US3403974480,"Union township, Union County, New Jersey",115938.0,6.2,136857.0,,UNION,2023
0600000US3401974420,"Union township, Hunterdon County, New Jersey",124922.0,6.8,156128.0,,UNION,2023
0600000US3402574540,"Union Beach borough, Monmouth County, New Jersey",128400.0,3.1,148635.0,,UNION BEACH,2023
0600000US3401774630,"Union City city, Hudson County, New Jersey",65369.0,8.5,88939.0,,UNION CITY,2023
0600000US3400974810,"Upper township, Cape May County, New Jersey",109592.0,2.9,129571.0,,UPPER,2023
0600000US3401174870,"Upper Deerfield township, Cumberland County, New Jersey",76040.0,6.5,85002.0,,UPPER DEERFIELD,2023
0600000US3402574900,"Upper Freehold township, Monmouth County, New Jersey",169597.0,6.7,198676.0,,UPPER FREEHOLD,2023
0600000US3403375110,"Upper Pittsgrove township, Salem County, New Jersey",84405.0,6.0,114815.0,,UPPER PITTSGROVE,2023
0600000US3400375140,"Upper Saddle River borough, Bergen County, New Jersey",246719.0,7.9,334228.0,,UPPER SADDLE RIVER,2023
0600000US3400175620,"Ventnor City city, Atlantic County, New Jersey",74619.0,7.7,115511.0,,VENTNOR CITY,2023
0600000US3403775740,"Vernon township, Sussex County, New Jersey",113439.0,6.0,137269.0,,VERNON,2023
0600000US3401375815,"Verona township, Essex County, New Jersey",159044.0,3.8,200840.0,,VERONA,2023
0600000US3402775890,"Victory Gardens borough, Morris County, New Jersey",52235.0,8.4,61786.0,,VICTORY GARDENS,2023
0600000US3401176070,"Vineland city, Cumberland County, New Jersey",65854.0,8.5,91269.0,,VINELAND,2023
0600000US3400776220,"Voorhees township, Camden County, New Jersey",112606.0,4.6,158875.0,,VOORHEES,2023
0600000US3400376400,"Waldwick borough, Bergen County, New Jersey",155526.0,2.7,180110.0,,WALDWICK,2023
0600000US3402576460,"Wall township, Monmouth County, New Jersey",138049.0,4.9,175545.0,,WALL,2023
0600000US3400376490,"Wallington borough, Bergen County, New Jersey",82422.0,9.0,103320.0,,WALLINGTON,2023
0600000US3403776640,"Walpack township, Sussex County, New Jersey",,,,,WALPACK,2023
0600000US3403176730,"Wanaque borough, Passaic County, New Jersey",112326.0,4.1,124526.0,,WANAQUE,2023
0600000US3403776790,"Wantage township, Sussex County, New Jersey",103672.0,5.4,125003.0,,WANTAGE,2023
0600000US3403576940,"Warren township, Somerset County, New Jersey",189393.0,2.9,290709.0,,WARREN,2023
0600000US3400577150,"Washington township, Burlington County, New Jersey",85417.0,10.1,109605.0,,WASHINGTON,2023
0600000US3404177300,"Washington township, Warren County, New Jersey",131250.0,3.1,149082.0,,WASHINGTON,2023
0600000US3401577180,"Washington township, Gloucester County, New Jersey",114520.0,4.4,136000.0,,WASHINGTON,2023
0600000US3400377135,"Washington township, Bergen County, New Jersey",168922.0,4.1,217262.0,,WASHINGTON,2023
0600000US3402777240,"Washington township, Morris County, New Jersey",164639.0,4.6,207132.0,,WASHINGTON,2023
0600000US3404177270,"Washington borough, Warren County, New Jersey",79280.0,4.5,94516.0,,WASHINGTON,2023
0600000US3403577600,"Watchung borough, Somerset County, New Jersey",166536.0,8.0,235064.0,,WATCHUNG,2023
0600000US3400777630,"Waterford township, Camden County, New Jersey",107862.0,6.3,125905.0,,WATERFORD,2023
0600000US3403177840,"Wayne township, Passaic County, New Jersey",151561.0,4.9,185848.0,,WAYNE,2023
0600000US3401777930,"Weehawken township, Hudson County, New Jersey",122653.0,4.5,174824.0,,WEEHAWKEN,2023
0600000US3401578110,"Wenonah borough, Gloucester County, New Jersey",130473.0,4.8,183247.0,,WENONAH,2023
0600000US3401978230,"West Amwell township, Hunterdon County, New Jersey",144293.0,1.7,187520.0,,WEST AMWELL,2023
0600000US3401378510,"West Caldwell township, Essex County, New Jersey",154439.0,3.8,195829.0,,WEST CALDWELL,2023
0600000US3400978530,"West Cape May borough, Cape May County, New Jersey",79375.0,2.0,113087.0,,WEST CAPE MAY,2023
0600000US3401578800,"West Deptford township, Gloucester County, New Jersey",89283.0,3.3,114100.0,,WEST DEPTFORD,2023
0600000US3402579310,"West Long Branch borough, Monmouth County, New Jersey",123661.0,6.7,160969.0,,WEST LONG BRANCH,2023
0600000US3403179460,"West Milford township, Passaic County, New Jersey",123930.0,7.2,151584.0,,WEST MILFORD,2023
0600000US3401779610,"West New York town, Hudson County, New Jersey",67139.0,7.8,97117.0,,WEST NEW YORK,2023
0600000US3401379800,"West Orange township, Essex County, New Jersey",131645.0,5.5,173091.0,,WEST ORANGE,2023
0600000US3400980210,"West Wildwood borough, Cape May County, New Jersey",64750.0,11.2,87466.0,,WEST WILDWOOD,2023
0600000US3402180240,"West Windsor township, Mercer County, New Jersey",190100.0,3.9,227667.0,,WEST WINDSOR,2023
0600000US3400578200,"Westampton township, Burlington County, New Jersey",123750.0,7.1,158966.0,,WESTAMPTON,2023
0600000US3403979040,"Westfield town, Union County, New Jersey",212700.0,3.5,297367.0,,WESTFIELD,2023
0600000US3401580120,"Westville borough, Gloucester County, New Jersey",78333.0,6.1,86971.0,,WESTVILLE,2023
0600000US3400380270,"Westwood borough, Bergen County, New Jersey",169026.0,2.6,175208.0,,WESTWOOD,2023
0600000US3400180330,"Weymouth township, Atlantic County, New Jersey",71660.0,8.9,107887.0,,WEYMOUTH,2023
0600000US3402780390,"Wharton borough, Morris County, New Jersey",92548.0,3.3,115311.0,,WHARTON,2023
0600000US3404180570,"White township, Warren County, New Jersey",69519.0,1.9,85262.0,,WHITE,2023
0600000US3400981170,"Wildwood city, Cape May County, New Jersey",51996.0,9.2,81880.0,,WILDWOOD,2023
0600000US3400981200,"Wildwood Crest borough, Cape May County, New Jersey",82143.0,10.6,103717.0,,WILDWOOD CREST,2023
0600000US3400581440,"Willingboro township, Burlington County, New Jersey",91615.0,8.7,108123.0,,WILLINGBORO,2023
0600000US3403981650,"Winfield township, Union County, New Jersey",62275.0,5.4,74167.0,,WINFIELD,2023
0600000US3400781740,"Winslow township, Camden County, New Jersey",95064.0,6.5,105941.0,,WINSLOW,2023
0600000US3400382570,"Wood-Ridge borough, Bergen County, New Jersey",131412.0,4.7,173056.0,,WOOD-RIDGE,2023
0600000US3400981890,"Woodbine borough, Cape May County, New Jersey",45179.0,7.2,64553.0,,WOODBINE,2023
0600000US3402382000,"Woodbridge township, Middlesex County, New Jersey",108347.0,4.7,130924.0,,WOODBRIDGE,2023
0600000US3401582120,"Woodbury city, Gloucester County, New Jersey",74769.0,7.3,90231.0,,WOODBURY,2023
0600000US3401582180,"Woodbury Heights borough, Gloucester County, New Jersey",130101.0,1.9,144387.0,,WOODBURY HEIGHTS,2023
0600000US3400382300,"Woodcliff Lake borough, Bergen County, New Jersey",211233.0,10.2,227396.0,,WOODCLIFF LAKE,2023
0600000US3400582420,"Woodland township, Burlington County, New Jersey",149375.0,4.7,154075.0,,WOODLAND,2023
0600000US3403182423,"Woodland Park borough, Passaic County, New Jersey",85638.0,6.0,112336.0,,WOODLAND PARK,2023
0600000US3400782450,"Woodlynne borough, Camden County, New Jersey",71635.0,10.1,89126.0,,WOODLYNNE,2023
0600000US3403382720,"Woodstown borough, Salem County, New Jersey",101855.0,5.5,116788.0,,WOODSTOWN,2023
0600000US3401582840,"Woolwich township, Gloucester County, New Jersey",155808.0,3.8,176478.0,,WOOLWICH,2023
0600000US3400582960,"Wrightstown borough, Burlington County, New Jersey",52222.0,3.8,79747.0,,WRIGHTSTOWN,2023
0600000US3400383050,"Wyckoff township, Bergen County, New Jersey",196632.0,4.9,268613.0,,WYCKOFF,2023
