GEO_ID,NAME,DP03_0062E,DP03_0009PE,DP03_0063E,DP03_0119E,state,county,county subdivision
0600000US3403727420,"Green township, Sussex County, New Jersey",126585,6.6,135301,-888888888,34,037,27420
0600000US3401144580,"Maurice River township, Cumberland County, New Jersey",69482,5.9,73056,-888888888,34,011,44580
0600000US3401146680,"Millville city, Cumberland County, New Jersey",48892,12.2,63495,-888888888,34,011,46680
0600000US3401107600,"Bridgeton city, Cumberland County, New Jersey",35417,11.8,49334,-888888888,34,011,07600
0600000US3401100000,"County subdivisions not defined, Cumberland County, New Jersey",-666666666,-666666666.0,-666666666,-888888888,34,011,00000
0600000US3403568730,"South Bound Brook borough, Somerset County, New Jersey",77713,6.2,91356,-888888888,34,035,68730
0600000US3403547580,"Montgomery township, Somerset County, New Jersey",170449,4.4,199144,-888888888,34,035,47580
0600000US3403504450,"Bedminster township, Somerset County, New Jersey",101280,5.7,133379,-888888888,34,035,04450
0600000US3403506790,"Bound Brook borough, Somerset County, New Jersey",66300,4.3,86140,-888888888,34,035,06790
0600000US3402954300,"Ocean township, Ocean County, New Jersey",65258,6.7,79875,-888888888,34,029,54300
0600000US3400313810,"Closter borough, Bergen County, New Jersey",128674,6.3,157346,-888888888,34,003,13810
0600000US3400581440,"Willingboro township, Burlington County, New Jersey",67572,15.0,78363,-888888888,34,005,81440
0600000US3400506670,"Bordentown city, Burlington County, New Jersey",70000,6.2,84177,-888888888,34,005,06670
0600000US3400582960,"Wrightstown borough, Burlington County, New Jersey",46818,10.3,52553,-888888888,34,005,82960
0600000US3402502110,"Atlantic Highlands borough, Monmouth County, New Jersey",91579,10.3,107637,-888888888,34,025,02110
0600000US3402567365,"Shrewsbury township, Monmouth County, New Jersey",56111,7.5,57112,-888888888,34,025,67365
0600000US3402133150,"Hopewell borough, Mercer County, New Jersey",108750,3.6,133846,-888888888,34,021,33150
0600000US3402129310,"Hamilton township, Mercer County, New Jersey",71276,8.0,86000,-888888888,34,021,29310
0600000US3402174000,"Trenton city, Mercer County, New Jersey",34412,16.0,48089,-888888888,34,021,74000
0600000US3403770890,"Stillwater township, Sussex County, New Jersey",79769,11.4,83514,-888888888,34,037,70890
0600000US3403729490,"Hampton township, Sussex County, New Jersey",76496,5.7,89978,-888888888,34,037,29490
0600000US3403732910,"Hopatcong borough, Sussex County, New Jersey",78462,9.7,96604,-888888888,34,037,32910
0600000US3400971010,"Stone Harbor borough, Cape May County, New Jersey",96250,4.3,148304,-888888888,34,009,71010
0600000US3400945810,"Middle township, Cape May County, New Jersey",60829,10.4,84673,-888888888,34,009,45810
0600000US3402712580,"Chester borough, Morris County, New Jersey",95114,5.7,139411,-888888888,34,027,12580
0600000US3402747670,"Montville township, Morris County, New Jersey",128625,4.6,172650,-888888888,34,027,47670
0600000US3402712610,"Chester township, Morris County, New Jersey",151607,6.4,210107,-888888888,34,027,12610
0600000US3402763300,"Riverdale borough, Morris County, New Jersey",97045,6.8,108665,-888888888,34,027,63300
0600000US3402745330,"Mendham borough, Morris County, New Jersey",138241,3.4,173877,-888888888,34,027,45330
0600000US3402750130,"Netcong borough, Morris County, New Jersey",53804,6.7,75637,-888888888,34,027,50130
0600000US3402764980,"Roxbury township, Morris County, New Jersey",106564,4.6,125528,-888888888,34,027,64980
0600000US3402723910,"Florham Park borough, Morris County, New Jersey",116528,5.3,165470,-888888888,34,027,23910
0600000US3402780390,"Wharton borough, Morris County, New Jersey",66284,8.4,80607,-888888888,34,027,80390
0600000US3401961920,"Raritan township, Hunterdon County, New Jersey",116118,5.9,138667,-888888888,34,019,61920
0600000US3401962250,"Readington township, Hunterdon County, New Jersey",125703,6.6,170977,-888888888,34,019,62250
0600000US3401913750,"Clinton township, Hunterdon County, New Jersey",129375,4.4,151131,-888888888,34,019,13750
0600000US3400569990,"Springfield township, Burlington County, New Jersey",106875,5.2,123655,-888888888,34,005,69990
0600000US3400120290,"Egg Harbor township, Atlantic County, New Jersey",72613,11.5,88491,-888888888,34,001,20290
0600000US3400175620,"Ventnor City city, Atlantic County, New Jersey",49548,13.8,72164,-888888888,34,001,75620
0600000US3400152950,"Northfield city, Atlantic County, New Jersey",72656,7.0,98054,-888888888,34,001,52950
0600000US3401513360,"Clayton borough, Gloucester County, New Jersey",64825,7.9,86277,-888888888,34,015,13360
0600000US3401530180,"Harrison township, Gloucester County, New Jersey",126729,7.3,146015,-888888888,34,015,30180
0600000US3401551390,"Newfield borough, Gloucester County, New Jersey",68125,8.2,86396,-888888888,34,015,51390
0600000US3400363360,"River Edge borough, Bergen County, New Jersey",111250,3.0,132508,-888888888,34,003,63360
0600000US3402500070,"Aberdeen township, Monmouth County, New Jersey",84570,8.4,96379,-888888888,34,025,00070
0600000US3402565130,"Rumson borough, Monmouth County, New Jersey",135089,4.7,256389,-888888888,34,025,65130
0600000US3402500760,"Allentown borough, Monmouth County, New Jersey",97188,6.9,117392,-888888888,34,025,00760
0600000US3402549920,"Neptune City borough, Monmouth County, New Jersey",54657,14.1,69005,-888888888,34,025,49920
0600000US3402516660,"Deal borough, Monmouth County, New Jersey",72813,7.0,132579,-888888888,34,025,16660
0600000US3402532640,"Holmdel township, Monmouth County, New Jersey",147276,5.1,198843,-888888888,34,025,32640
0600000US3402576460,"Wall township, Monmouth County, New Jersey",96687,5.0,123973,-888888888,34,025,76460
0600000US3402504930,"Belmar borough, Monmouth County, New Jersey",66346,9.9,83644,-888888888,34,025,04930
0600000US3402554270,"Ocean township, Monmouth County, New Jersey",80803,6.2,101991,-888888888,34,025,54270
0600000US3402525200,"Freehold borough, Monmouth County, New Jersey",56058,7.5,73095,-888888888,34,025,25200
0600000US3402536480,"Keansburg borough, Monmouth County, New Jersey",44808,12.1,67043,-888888888,34,025,36480
0600000US3400710000,"Camden city, Camden County, New Jersey",26214,16.5,38802,-888888888,34,007,10000
0600000US3400726820,"Gloucester City city, Camden County, New Jersey",53113,8.6,63298,-888888888,34,007,26820
0600000US3400712280,"Cherry Hill township, Camden County, New Jersey",94065,6.3,119840,-888888888,34,007,12280
0600000US3400713420,"Clementon borough, Camden County, New Jersey",54271,8.2,65175,-888888888,34,007,13420
0600000US3400740440,"Lindenwold borough, Camden County, New Jersey",38918,11.1,48822,-888888888,34,007,40440
0600000US3400702200,"Audubon borough, Camden County, New Jersey",77066,6.3,85790,-888888888,34,007,02200
0600000US3400768340,"Somerdale borough, Camden County, New Jersey",59063,8.5,72952,-888888888,34,007,68340
0600000US3402537560,"Lake Como borough, Monmouth County, New Jersey",76250,4.9,89320,-888888888,34,025,37560
0600000US3400380270,"Westwood borough, Bergen County, New Jersey",89817,4.9,115405,-888888888,34,003,80270
0600000US3400317530,"Demarest borough, Bergen County, New Jersey",150139,4.6,225589,-888888888,34,003,17530
0600000US3400340020,"Leonia borough, Bergen County, New Jersey",88401,5.7,125169,-888888888,34,003,40020
0600000US3402310750,"Carteret borough, Middlesex County, New Jersey",67776,11.2,71318,-888888888,34,023,10750
0600000US3402315550,"Cranbury township, Middlesex County, New Jersey",136471,6.3,193217,-888888888,34,023,15550
0600000US3402318490,"Dunellen borough, Middlesex County, New Jersey",76333,6.5,91826,-888888888,34,023,18490
0600000US3402334890,"Jamesburg borough, Middlesex County, New Jersey",66221,7.8,82077,-888888888,34,023,34890
0600000US3402320230,"Edison township, Middlesex County, New Jersey",91821,6.5,111543,-888888888,34,023,20230
0600000US3403321330,"Elsinboro township, Salem County, New Jersey",65556,14.8,77257,-888888888,34,033,21330
0600000US3403343200,"Mannington township, Salem County, New Jersey",76607,9.5,99840,-888888888,34,033,43200
0600000US3403300880,"Alloway township, Salem County, New Jersey",71691,9.9,93204,-888888888,34,033,00880
0600000US3403522890,"Far Hills borough, Somerset County, New Jersey",105000,6.5,220672,-888888888,34,035,22890
0600000US3403553280,"North Plainfield borough, Somerset County, New Jersey",72139,6.3,83315,-888888888,34,035,53280
0600000US3401313045,"City of Orange township, Essex County, New Jersey",35895,15.1,49317,-888888888,34,013,13045
0600000US3401306260,"Bloomfield township, Essex County, New Jersey",72911,7.0,90518,-888888888,34,013,06260
0600000US3402967110,"Ship Bottom borough, Ocean County, New Jersey",66389,5.5,106889,-888888888,34,029,67110
0600000US3403357870,"Pennsville township, Salem County, New Jersey",58581,6.9,79341,-888888888,34,033,57870
0600000US3403163150,"Ringwood borough, Passaic County, New Jersey",114458,5.7,135346,-888888888,34,031,63150
0600000US3403157000,"Paterson city, Passaic County, New Jersey",34042,8.1,49524,-888888888,34,031,57000
0600000US3400347610,"Montvale borough, Bergen County, New Jersey",111436,7.2,157296,-888888888,34,003,47610
0600000US3400363690,"River Vale township, Bergen County, New Jersey",134250,4.3,164308,-888888888,34,003,63690
0600000US3403951810,"New Providence borough, Union County, New Jersey",139375,4.4,177622,-888888888,34,039,51810
0600000US3403913150,"Clark township, Union County, New Jersey",84897,6.0,109852,-888888888,34,039,13150
0600000US3403974480,"Union township, Union County, New Jersey",78426,8.1,91255,-888888888,34,039,74480
0600000US3403921000,"Elizabeth city, Union County, New Jersey",43831,10.2,55355,-888888888,34,039,21000
0600000US3403979040,"Westfield town, Union County, New Jersey",150486,5.3,198582,-888888888,34,039,79040
0600000US3403971430,"Summit city, Union County, New Jersey",136491,4.8,220971,-888888888,34,039,71430
0600000US3401719360,"East Newark borough, Hudson County, New Jersey",59038,5.2,78572,-888888888,34,017,19360
0600000US3402966480,"Seaside Park borough, Ocean County, New Jersey",70598,10.3,91055,-888888888,34,029,66480
0600000US3402939390,"Lavallette borough, Ocean County, New Jersey",61857,11.0,91549,-888888888,34,029,39390
0600000US3402905305,"Berkeley township, Ocean County, New Jersey",46285,9.5,63268,-888888888,34,029,05305
0600000US3402941250,"Long Beach township, Ocean County, New Jersey",82718,6.7,123788,-888888888,34,029,41250
0600000US3402971640,"Surf City borough, Ocean County, New Jersey",77083,6.1,115325,-888888888,34,029,71640
0600000US3400108710,"Buena Vista township, Atlantic County, New Jersey",54928,17.7,69895,-888888888,34,001,08710
0600000US3400121870,"Estell Manor city, Atlantic County, New Jersey",81083,7.5,85185,-888888888,34,001,21870
0600000US3400123940,"Folsom borough, Atlantic County, New Jersey",66379,11.3,81492,-888888888,34,001,23940
0600000US3400506700,"Bordentown township, Burlington County, New Jersey",86173,5.0,99305,-888888888,34,005,06700
0600000US3400543740,"Maple Shade township, Burlington County, New Jersey",58472,7.1,68923,-888888888,34,005,43740
0600000US3403176730,"Wanaque borough, Passaic County, New Jersey",81267,6.7,106643,-888888888,34,031,76730
0600000US3403129070,"Haledon borough, Passaic County, New Jersey",67872,12.5,82327,-888888888,34,031,29070
0600000US3403161170,"Prospect Park borough, Passaic County, New Jersey",54009,7.4,69600,-888888888,34,031,61170
0600000US3400978530,"West Cape May borough, Cape May County, New Jersey",58438,4.3,83523,-888888888,34,009,78530
0600000US3400981890,"Woodbine borough, Cape May County, New Jersey",38092,12.2,52875,-888888888,34,009,81890
0600000US3400910270,"Cape May city, Cape May County, New Jersey",54907,5.7,98409,-888888888,34,009,10270
0600000US3400954360,"Ocean City city, Cape May County, New Jersey",61786,6.5,91507,-888888888,34,009,54360
0600000US3400974810,"Upper township, Cape May County, New Jersey",79672,6.2,96327,-888888888,34,009,74810
0600000US3400902320,"Avalon borough, Cape May County, New Jersey",82768,3.5,136787,-888888888,34,009,02320
0600000US3400900000,"County subdivisions not defined, Cape May County, New Jersey",-666666666,-666666666.0,-666666666,-888888888,34,009,00000
0600000US3400966390,"Sea Isle City city, Cape May County, New Jersey",70333,8.1,95980,-888888888,34,009,66390
0600000US3400981170,"Wildwood city, Cape May County, New Jersey",28271,17.3,58024,-888888888,34,009,81170
0600000US3400910330,"Cape May Point borough, Cape May County, New Jersey",48438,9.8,71123,-888888888,34,009,10330
0600000US3400953490,"North Wildwood city, Cape May County, New Jersey",43516,16.2,58945,-888888888,34,009,53490
0600000US3402737110,"Kinnelon borough, Morris County, New Jersey",133000,7.8,168633,-888888888,34,027,37110
0600000US3402740290,"Lincoln Park borough, Morris County, New Jersey",83750,3.9,96207,-888888888,34,027,40290
0600000US3402709040,"Butler borough, Morris County, New Jersey",96647,5.5,106128,-888888888,34,027,09040
0600000US3402748300,"Morristown town, Morris County, New Jersey",83036,3.0,111527,-888888888,34,027,48300
0600000US3402764080,"Rockaway township, Morris County, New Jersey",103990,6.2,120699,-888888888,34,027,64080
0600000US3402748090,"Morris township, Morris County, New Jersey",131596,5.8,176064,-888888888,34,027,48090
0600000US3402775890,"Victory Gardens borough, Morris County, New Jersey",40700,6.4,48896,-888888888,34,027,75890
0600000US3402706610,"Boonton town, Morris County, New Jersey",90082,5.3,105214,-888888888,34,027,06610
0600000US3402729700,"Harding township, Morris County, New Jersey",172250,4.8,274711,-888888888,34,027,29700
0600000US3402761890,"Randolph township, Morris County, New Jersey",121334,2.4,162062,-888888888,34,027,61890
0600000US3402712100,"Chatham borough, Morris County, New Jersey",150625,3.8,223219,-888888888,34,027,12100
0600000US3402745360,"Mendham township, Morris County, New Jersey",176875,4.0,294046,-888888888,34,027,45360
0600000US3402741362,"Long Hill township, Morris County, New Jersey",118984,5.0,165800,-888888888,34,027,41362
0600000US3402746860,"Mine Hill township, Morris County, New Jersey",91429,7.1,95907,-888888888,34,027,46860
0600000US3402748480,"Mountain Lakes borough, Morris County, New Jersey",162206,9.3,258815,-888888888,34,027,48480
0600000US3402749080,"Mount Olive township, Morris County, New Jersey",86990,6.4,115190,-888888888,34,027,49080
0600000US3402756460,"Parsippany-Troy Hills township, Morris County, New Jersey",90604,7.1,111616,-888888888,34,027,56460
0600000US3402764050,"Rockaway borough, Morris County, New Jersey",79602,2.1,94881,-888888888,34,027,64050
0600000US3402748690,"Mount Arlington borough, Morris County, New Jersey",85282,7.5,109067,-888888888,34,027,48690
0600000US3402758110,"Pequannock township, Morris County, New Jersey",86824,8.8,113256,-888888888,34,027,58110
0600000US3402748210,"Morris Plains borough, Morris County, New Jersey",123263,5.2,149490,-888888888,34,027,48210
0600000US3402734980,"Jefferson township, Morris County, New Jersey",96304,6.2,110803,-888888888,34,027,34980
0600000US3402777240,"Washington township, Morris County, New Jersey",131750,4.5,154355,-888888888,34,027,77240
0600000US3402742510,"Madison borough, Morris County, New Jersey",120608,5.1,173222,-888888888,34,027,42510
0600000US3401766570,"Secaucus town, Hudson County, New Jersey",94160,5.0,118488,-888888888,34,017,66570
0600000US3401774630,"Union City city, Hudson County, New Jersey",42483,9.1,57765,-888888888,34,017,74630
0600000US3401732250,"Hoboken city, Hudson County, New Jersey",118479,4.0,157923,-888888888,34,017,32250
0600000US3401736000,"Jersey City city, Hudson County, New Jersey",60703,8.0,88455,-888888888,34,017,36000
0600000US3401728650,"Guttenberg town, Hudson County, New Jersey",54368,9.4,75672,-888888888,34,017,28650
0600000US3401730210,"Harrison town, Hudson County, New Jersey",58047,10.1,72390,-888888888,34,017,30210
0600000US3401736510,"Kearny town, Hudson County, New Jersey",61558,9.1,75787,-888888888,34,017,36510
0600000US3401752470,"North Bergen township, Hudson County, New Jersey",56129,11.3,71224,-888888888,34,017,52470
0600000US3401777930,"Weehawken township, Hudson County, New Jersey",83447,6.8,125258,-888888888,34,017,77930
0600000US3401917170,"Delaware township, Hunterdon County, New Jersey",116349,2.0,155071,-888888888,34,019,17170
0600000US3401913720,"Clinton town, Hunterdon County, New Jersey",108068,6.8,117872,-888888888,34,019,13720
0600000US3401937065,"Kingwood township, Hunterdon County, New Jersey",113750,3.6,145031,-888888888,34,019,37065
0600000US3401924870,"Franklin township, Hunterdon County, New Jersey",99219,3.2,138667,-888888888,34,019,24870
0600000US3401978230,"West Amwell township, Hunterdon County, New Jersey",102944,6.2,140961,-888888888,34,019,78230
0600000US3401938610,"Lambertville city, Hunterdon County, New Jersey",89955,1.4,106623,-888888888,34,019,38610
0600000US3401972510,"Tewksbury township, Hunterdon County, New Jersey",173403,4.4,226911,-888888888,34,019,72510
0600000US3401900550,"Alexandria township, Hunterdon County, New Jersey",133491,10.2,166537,-888888888,34,019,00550
0600000US3401925350,"Frenchtown borough, Hunterdon County, New Jersey",71198,3.7,90941,-888888888,34,019,25350
0600000US3401931320,"High Bridge borough, Hunterdon County, New Jersey",84397,7.4,110085,-888888888,34,019,31320
0600000US3401932460,"Holland township, Hunterdon County, New Jersey",87750,4.0,116959,-888888888,34,019,32460
0600000US3401939660,"Lebanon township, Hunterdon County, New Jersey",105245,1.8,139757,-888888888,34,019,39660
0600000US3401905650,"Bethlehem township, Hunterdon County, New Jersey",132000,7.0,159829,-888888888,34,019,05650
0600000US3401974420,"Union township, Hunterdon County, New Jersey",123233,4.6,142305,-888888888,34,019,74420
0600000US3401909280,"Califon borough, Hunterdon County, New Jersey",91771,6.5,124958,-888888888,34,019,09280
0600000US3401918820,"East Amwell township, Hunterdon County, New Jersey",116048,3.7,143299,-888888888,34,019,18820
0600000US3401923700,"Flemington borough, Hunterdon County, New Jersey",58401,8.6,70657,-888888888,34,019,23700
0600000US3401939630,"Lebanon borough, Hunterdon County, New Jersey",86667,7.3,137333,-888888888,34,019,39630
0600000US3401946260,"Milford borough, Hunterdon County, New Jersey",79342,5.1,98439,-888888888,34,019,46260
0600000US3401926550,"Glen Gardner borough, Hunterdon County, New Jersey",64904,5.6,91597,-888888888,34,019,26550
0600000US3401929460,"Hampton borough, Hunterdon County, New Jersey",66818,8.5,77749,-888888888,34,019,29460
0600000US3401970980,"Stockton borough, Hunterdon County, New Jersey",91875,1.1,125560,-888888888,34,019,70980
0600000US3401906370,"Bloomsbury borough, Hunterdon County, New Jersey",75000,9.5,96090,-888888888,34,019,06370
0600000US3400517080,"Delanco township, Burlington County, New Jersey",74792,8.2,87336,-888888888,34,005,17080
0600000US3400120350,"Egg Harbor City city, Atlantic County, New Jersey",47804,15.0,58851,-888888888,34,001,20350
0600000US3400140530,"Linwood city, Atlantic County, New Jersey",84021,5.9,107284,-888888888,34,001,40530
0600000US3400108680,"Buena borough, Atlantic County, New Jersey",41929,20.6,65061,-888888888,34,001,08680
0600000US3400125560,"Galloway township, Atlantic County, New Jersey",63304,11.8,80689,-888888888,34,001,25560
0600000US3400129280,"Hamilton township, Atlantic County, New Jersey",64320,11.2,79776,-888888888,34,001,29280
0600000US3400180330,"Weymouth township, Atlantic County, New Jersey",58185,13.8,66279,-888888888,34,001,80330
0600000US3400129430,"Hammonton town, Atlantic County, New Jersey",62555,8.9,80279,-888888888,34,001,29430
0600000US3400141370,"Longport borough, Atlantic County, New Jersey",99375,10.0,164369,-888888888,34,001,41370
0600000US3400102080,"Atlantic City city, Atlantic County, New Jersey",26566,15.7,45579,-888888888,34,001,02080
0600000US3401571850,"Swedesboro borough, Gloucester County, New Jersey",77868,4.1,84028,-888888888,34,015,71850
0600000US3401582120,"Woodbury city, Gloucester County, New Jersey",51810,10.4,68296,-888888888,34,015,82120
0600000US3401582840,"Woolwich township, Gloucester County, New Jersey",121404,3.5,149596,-888888888,34,015,82840
0600000US3401569030,"South Harrison township, Gloucester County, New Jersey",117027,4.3,149479,-888888888,34,015,69030
0600000US3401577180,"Washington township, Gloucester County, New Jersey",86471,8.0,103348,-888888888,34,015,77180
0600000US3401580120,"Westville borough, Gloucester County, New Jersey",54375,10.8,63918,-888888888,34,015,80120
0600000US3401543440,"Mantua township, Gloucester County, New Jersey",92540,5.0,105393,-888888888,34,015,43440
0600000US3401559070,"Pitman borough, Gloucester County, New Jersey",72633,8.8,82126,-888888888,34,015,59070
0600000US3401547250,"Monroe township, Gloucester County, New Jersey",74142,10.2,85897,-888888888,34,015,47250
0600000US3401578110,"Wenonah borough, Gloucester County, New Jersey",102750,4.5,120484,-888888888,34,015,78110
0600000US3400321300,"Elmwood Park borough, Bergen County, New Jersey",73837,4.8,85088,-888888888,34,003,21300
0600000US3400332310,"Ho-Ho-Kus borough, Bergen County, New Jersey",163988,4.0,214114,-888888888,34,003,32310
0600000US3400362940,"Ridgefield Park village, Bergen County, New Jersey",64980,5.3,87098,-888888888,34,003,62940
0600000US3400363000,"Ridgewood village, Bergen County, New Jersey",144734,5.8,218891,-888888888,34,003,63000
0600000US3400300700,"Allendale borough, Bergen County, New Jersey",151641,7.8,191158,-888888888,34,003,00700
0600000US3400313570,"Cliffside Park borough, Bergen County, New Jersey",60616,5.9,87697,-888888888,34,003,13570
0600000US3400319510,"East Rutherford borough, Bergen County, New Jersey",76771,5.6,89815,-888888888,34,003,19510
0600000US3400363990,"Rochelle Park township, Bergen County, New Jersey",76354,5.5,95913,-888888888,34,003,63990
0600000US3400376400,"Waldwick borough, Bergen County, New Jersey",110089,5.0,128708,-888888888,34,003,76400
0600000US3400324420,"Fort Lee borough, Bergen County, New Jersey",75449,5.6,101429,-888888888,34,003,24420
0600000US3400322560,"Fairview borough, Bergen County, New Jersey",54177,9.0,66816,-888888888,34,003,22560
0600000US3400318400,"Dumont borough, Bergen County, New Jersey",96395,5.1,113920,-888888888,34,003,18400
0600000US3400321480,"Englewood city, Bergen County, New Jersey",77272,5.3,122600,-888888888,34,003,21480
0600000US3400322470,"Fair Lawn borough, Bergen County, New Jersey",102716,5.3,116426,-888888888,34,003,22470
0600000US3400330540,"Haworth borough, Bergen County, New Jersey",168371,3.8,192006,-888888888,34,003,30540
0600000US3400305170,"Bergenfield borough, Bergen County, New Jersey",81042,5.7,102721,-888888888,34,003,05170
0600000US3400315820,"Cresskill borough, Bergen County, New Jersey",117164,4.2,157918,-888888888,34,003,15820
0600000US3400326640,"Glen Rock borough, Bergen County, New Jersey",159247,5.5,204003,-888888888,34,003,26640
0600000US3400342090,"Lyndhurst township, Bergen County, New Jersey",70099,7.0,89997,-888888888,34,003,42090
0600000US3400347700,"Moonachie borough, Bergen County, New Jersey",53462,6.4,74674,-888888888,34,003,47700
0600000US3400355950,"Paramus borough, Bergen County, New Jersey",101793,5.4,135946,-888888888,34,003,55950
0600000US3400356130,"Park Ridge borough, Bergen County, New Jersey",103700,6.8,136465,-888888888,34,003,56130
0600000US3400365280,"Rutherford borough, Bergen County, New Jersey",87587,6.1,112027,-888888888,34,003,65280
0600000US3400372420,"Tenafly borough, Bergen County, New Jersey",144353,5.4,206605,-888888888,34,003,72420
0600000US3400342750,"Mahwah township, Bergen County, New Jersey",106875,7.7,132697,-888888888,34,003,42750
0600000US3402570140,"Spring Lake Heights borough, Monmouth County, New Jersey",68750,2.0,94442,-888888888,34,025,70140
0600000US3402543050,"Manasquan borough, Monmouth County, New Jersey",98603,3.3,131423,-888888888,34,025,43050
0600000US3402566330,"Sea Girt borough, Monmouth County, New Jersey",113333,6.4,201209,-888888888,34,025,66330
0600000US3402574900,"Upper Freehold township, Monmouth County, New Jersey",132143,4.8,149203,-888888888,34,025,74900
0600000US3402542990,"Manalapan township, Monmouth County, New Jersey",109745,5.4,139518,-888888888,34,025,42990
0600000US3402501960,"Asbury Park city, Monmouth County, New Jersey",36512,12.7,56862,-888888888,34,025,01960
0600000US3402521570,"Englishtown borough, Monmouth County, New Jersey",82976,5.4,88348,-888888888,34,025,21570
0600000US3402562430,"Red Bank borough, Monmouth County, New Jersey",69778,7.2,94416,-888888888,34,025,62430
0600000US3402579310,"West Long Branch borough, Monmouth County, New Jersey",85640,6.2,110639,-888888888,34,025,79310
0600000US3402514560,"Colts Neck township, Monmouth County, New Jersey",162083,3.2,208811,-888888888,34,025,14560
0600000US3402502440,"Avon-by-the-Sea borough, Monmouth County, New Jersey",73516,6.1,135008,-888888888,34,025,02440
0600000US3402525230,"Freehold township, Monmouth County, New Jersey",99353,4.5,122531,-888888888,34,025,25230
0600000US3402530690,"Hazlet township, Monmouth County, New Jersey",89710,9.5,101151,-888888888,34,025,30690
0600000US3402549890,"Neptune township, Monmouth County, New Jersey",64582,7.9,82816,-888888888,34,025,49890
0600000US3402567350,"Shrewsbury borough, Monmouth County, New Jersey",116071,4.3,143799,-888888888,34,025,67350
0600000US3402554570,"Oceanport borough, Monmouth County, New Jersey",106648,8.7,124800,-888888888,34,025,54570
0600000US3402564410,"Roosevelt borough, Monmouth County, New Jersey",87321,9.0,101004,-888888888,34,025,64410
0600000US3402566240,"Sea Bright borough, Monmouth County, New Jersey",82900,10.0,127594,-888888888,34,025,66240
0600000US3402546560,"Millstone township, Monmouth County, New Jersey",144663,6.3,173012,-888888888,34,025,46560
0600000US3402547130,"Monmouth Beach borough, Monmouth County, New Jersey",105391,4.5,144054,-888888888,34,025,47130
0600000US3402545990,"Middletown township, Monmouth County, New Jersey",102563,6.8,128569,-888888888,34,025,45990
0600000US3402500730,"Allenhurst borough, Monmouth County, New Jersey",85313,4.6,164674,-888888888,34,025,00730
0600000US3402507750,"Brielle borough, Monmouth County, New Jersey",127163,5.0,158178,-888888888,34,025,07750
0600000US3402531500,"Highlands borough, Monmouth County, New Jersey",61487,8.2,83468,-888888888,34,025,31500
0600000US3402533300,"Howell township, Monmouth County, New Jersey",97480,5.6,113762,-888888888,34,025,33300
0600000US3402544070,"Marlboro township, Monmouth County, New Jersey",140403,5.7,173465,-888888888,34,025,44070
0600000US3402544520,"Matawan borough, Monmouth County, New Jersey",83146,6.7,101352,-888888888,34,025,44520
0600000US3402573020,"Tinton Falls borough, Monmouth County, New Jersey",75584,6.9,100870,-888888888,34,025,73020
0600000US3402506970,"Bradley Beach borough, Monmouth County, New Jersey",59643,7.6,90976,-888888888,34,025,06970
0600000US3402522440,"Fair Haven borough, Monmouth County, New Jersey",161131,5.6,200003,-888888888,34,025,22440
0600000US3402522950,"Farmingdale borough, Monmouth County, New Jersey",59583,6.5,69942,-888888888,34,025,22950
0600000US3402536810,"Keyport borough, Monmouth County, New Jersey",51652,6.1,70489,-888888888,34,025,36810
0600000US3402540770,"Little Silver borough, Monmouth County, New Jersey",137652,3.5,201219,-888888888,34,025,40770
0600000US3402541010,"Loch Arbour village, Monmouth County, New Jersey",111250,10.9,182941,-888888888,34,025,41010
0600000US3402706640,"Boonton township, Morris County, New Jersey",119667,8.1,170794,-888888888,34,027,06640
0600000US3400703250,"Barrington borough, Camden County, New Jersey",68167,6.7,83998,-888888888,34,007,03250
0600000US3400728770,"Haddonfield borough, Camden County, New Jersey",135700,3.4,183381,-888888888,34,007,28770
0600000US3400765160,"Runnemede borough, Camden County, New Jersey",61675,9.6,67728,-888888888,34,007,65160
0600000US3400728800,"Haddon Heights borough, Camden County, New Jersey",86676,5.3,112884,-888888888,34,007,28800
0600000US3400757660,"Pennsauken township, Camden County, New Jersey",63980,9.8,73456,-888888888,34,007,57660
0600000US3400772240,"Tavistock borough, Camden County, New Jersey",-666666666,0.0,-999999999,-888888888,34,007,72240
0600000US3400776220,"Voorhees township, Camden County, New Jersey",82563,7.1,111997,-888888888,34,007,76220
0600000US3400753880,"Oaklyn borough, Camden County, New Jersey",65776,8.6,75900,-888888888,34,007,53880
0600000US3400758770,"Pine Hill borough, Camden County, New Jersey",46928,8.5,59970,-888888888,34,007,58770
0600000US3400777630,"Waterford township, Camden County, New Jersey",84261,8.6,92138,-888888888,34,007,77630
0600000US3400739420,"Lawnside borough, Camden County, New Jersey",58920,20.3,67201,-888888888,34,007,39420
0600000US3400742630,"Magnolia borough, Camden County, New Jersey",54940,12.5,63662,-888888888,34,007,42630
0600000US3400748750,"Mount Ephraim borough, Camden County, New Jersey",59872,9.1,75220,-888888888,34,007,48750
0600000US3400726760,"Gloucester township, Camden County, New Jersey",71807,6.7,83266,-888888888,34,007,26760
0600000US3400732220,"Hi-Nella borough, Camden County, New Jersey",43482,9.1,52493,-888888888,34,007,32220
0600000US3400714260,"Collingswood borough, Camden County, New Jersey",62524,5.3,86796,-888888888,34,007,14260
0600000US3400771220,"Stratford borough, Camden County, New Jersey",68990,9.4,75458,-888888888,34,007,71220
0600000US3400708170,"Brooklawn borough, Camden County, New Jersey",61250,10.4,69900,-888888888,34,007,08170
0600000US3400758920,"Pine Valley borough, Camden County, New Jersey",-666666666,0.0,-999999999,-888888888,34,007,58920
0600000US3400704750,"Bellmawr borough, Camden County, New Jersey",47569,11.4,59504,-888888888,34,007,04750
0600000US3400705440,"Berlin borough, Camden County, New Jersey",87697,7.5,104502,-888888888,34,007,05440
0600000US3400726070,"Gibbsboro borough, Camden County, New Jersey",78824,7.5,97910,-888888888,34,007,26070
0600000US3400728740,"Haddon township, Camden County, New Jersey",83637,6.4,95860,-888888888,34,007,28740
0600000US3400739210,"Laurel Springs borough, Camden County, New Jersey",84205,7.5,92643,-888888888,34,007,39210
0600000US3400781740,"Winslow township, Camden County, New Jersey",73336,9.1,90239,-888888888,34,007,81740
0600000US3400782450,"Woodlynne borough, Camden County, New Jersey",41985,8.8,55650,-888888888,34,007,82450
0600000US3400705470,"Berlin township, Camden County, New Jersey",52393,9.1,67092,-888888888,34,007,05470
0600000US3400745510,"Merchantville borough, Camden County, New Jersey",75625,7.7,95021,-888888888,34,007,45510
0600000US3400712550,"Chesilhurst borough, Camden County, New Jersey",52159,10.3,58425,-888888888,34,007,12550
0600000US3400365400,"Saddle River borough, Bergen County, New Jersey",131845,7.5,271916,-888888888,34,003,65400
0600000US3400320020,"Edgewater borough, Bergen County, New Jersey",102355,5.2,132425,-888888888,34,003,20020
0600000US3400353850,"Oakland borough, Bergen County, New Jersey",112917,5.0,136378,-888888888,34,003,53850
0600000US3400368970,"South Hackensack township, Bergen County, New Jersey",64559,6.8,85936,-888888888,34,003,68970
0600000US3400372480,"Teterboro borough, Bergen County, New Jersey",31250,2.9,44243,-888888888,34,003,72480
0600000US3400382300,"Woodcliff Lake borough, Bergen County, New Jersey",150862,2.4,211603,-888888888,34,003,82300
0600000US3400301090,"Alpine borough, Bergen County, New Jersey",114545,5.2,235701,-888888888,34,003,01090
0600000US3400328680,"Hackensack city, Bergen County, New Jersey",56222,5.0,73935,-888888888,34,003,28680
0600000US3400330150,"Harrington Park borough, Bergen County, New Jersey",136313,3.7,166336,-888888888,34,003,30150
0600000US3400331920,"Hillsdale borough, Bergen County, New Jersey",118138,5.0,132530,-888888888,34,003,31920
0600000US3400341100,"Lodi borough, Bergen County, New Jersey",53807,8.1,69817,-888888888,34,003,41100
0600000US3400353610,"Norwood borough, Bergen County, New Jersey",112031,4.3,172429,-888888888,34,003,53610
0600000US3400354870,"Old Tappan borough, Bergen County, New Jersey",133750,8.5,223034,-888888888,34,003,54870
0600000US3400355770,"Palisades Park borough, Bergen County, New Jersey",63266,4.6,79539,-888888888,34,003,55770
0600000US3400361680,"Ramsey borough, Bergen County, New Jersey",133702,6.1,173947,-888888888,34,003,61680
0600000US3400364170,"Rockleigh borough, Bergen County, New Jersey",151250,4.6,298026,-888888888,34,003,64170
0600000US3400306490,"Bogota borough, Bergen County, New Jersey",78059,7.8,86920,-888888888,34,003,06490
0600000US3400376490,"Wallington borough, Bergen County, New Jersey",57813,4.8,73640,-888888888,34,003,76490
0600000US3400377135,"Washington township, Bergen County, New Jersey",113963,4.1,142149,-888888888,34,003,77135
0600000US3400365340,"Saddle Brook township, Bergen County, New Jersey",93373,4.2,106601,-888888888,34,003,65340
0600000US3400382570,"Wood-Ridge borough, Bergen County, New Jersey",100169,7.2,111045,-888888888,34,003,82570
0600000US3400325770,"Garfield city, Bergen County, New Jersey",48254,7.6,64373,-888888888,34,003,25770
0600000US3402959790,"Plumsted township, Ocean County, New Jersey",87092,4.8,98843,-888888888,34,029,59790
0600000US3401309250,"Caldwell borough, Essex County, New Jersey",75583,6.6,100109,-888888888,34,013,09250
0600000US3402973125,"Toms River township, Ocean County, New Jersey",72180,7.2,92856,-888888888,34,029,73125
0600000US3402352560,"North Brunswick township, Middlesex County, New Jersey",83205,7.1,99258,-888888888,34,023,52560
0600000US3402365790,"Sayreville borough, Middlesex County, New Jersey",76844,7.6,91529,-888888888,34,023,65790
0600000US3402369420,"South River borough, Middlesex County, New Jersey",65254,11.6,77826,-888888888,34,023,69420
0600000US3402382000,"Woodbridge township, Middlesex County, New Jersey",80950,6.6,93852,-888888888,34,023,82000
0600000US3402369810,"Spotswood borough, Middlesex County, New Jersey",74668,6.2,85962,-888888888,34,023,69810
0600000US3402319000,"East Brunswick township, Middlesex County, New Jersey",101435,7.8,122628,-888888888,34,023,19000
0600000US3402345900,"Middlesex borough, Middlesex County, New Jersey",82663,4.3,99137,-888888888,34,023,45900
0600000US3402368550,"South Amboy city, Middlesex County, New Jersey",66294,7.2,82866,-888888888,34,023,68550
0600000US3402330840,"Helmetta borough, Middlesex County, New Jersey",75096,6.2,85623,-888888888,34,023,30840
0600000US3402331470,"Highland Park borough, Middlesex County, New Jersey",67829,5.2,98354,-888888888,34,023,31470
0600000US3402358200,"Perth Amboy city, Middlesex County, New Jersey",49155,4.0,62075,-888888888,34,023,58200
0600000US3402368790,"South Brunswick township, Middlesex County, New Jersey",109893,5.7,133824,-888888888,34,023,68790
0600000US3402369390,"South Plainfield borough, Middlesex County, New Jersey",91957,8.4,105966,-888888888,34,023,69390
0600000US3402345690,"Metuchen borough, Middlesex County, New Jersey",112561,5.2,140227,-888888888,34,023,45690
0600000US3402359010,"Piscataway township, Middlesex County, New Jersey",89244,8.1,105765,-888888888,34,023,59010
0600000US3402359280,"Plainsboro township, Middlesex County, New Jersey",97136,5.6,127000,-888888888,34,023,59280
0600000US3402347280,"Monroe township, Middlesex County, New Jersey",73987,6.1,106827,-888888888,34,023,47280
0600000US3402354705,"Old Bridge township, Middlesex County, New Jersey",84594,6.6,105115,-888888888,34,023,54705
0600000US3402351210,"New Brunswick city, Middlesex County, New Jersey",40428,9.7,54463,-888888888,34,023,51210
0600000US3403359130,"Pittsgrove township, Salem County, New Jersey",72500,5.7,90064,-888888888,34,033,59130
0600000US3403361470,"Quinton township, Salem County, New Jersey",68083,6.1,77286,-888888888,34,033,61470
0600000US3403375110,"Upper Pittsgrove township, Salem County, New Jersey",86648,6.4,92580,-888888888,34,033,75110
0600000US3403341640,"Lower Alloways Creek township, Salem County, New Jersey",73375,8.1,87596,-888888888,34,033,41640
0600000US3403321240,"Elmer borough, Salem County, New Jersey",79643,5.2,84388,-888888888,34,033,21240
0600000US3403354810,"Oldmans township, Salem County, New Jersey",76125,8.2,98585,-888888888,34,033,54810
0600000US3403358530,"Pilesgrove township, Salem County, New Jersey",85029,4.6,93663,-888888888,34,033,58530
0600000US3403310610,"Carneys Point township, Salem County, New Jersey",53341,13.9,68169,-888888888,34,033,10610
0600000US3403365490,"Salem city, Salem County, New Jersey",26419,20.2,42850,-888888888,34,033,65490
0600000US3403382720,"Woodstown borough, Salem County, New Jersey",71500,4.6,88881,-888888888,34,033,82720
0600000US3403507720,"Bridgewater township, Somerset County, New Jersey",116970,5.6,148688,-888888888,34,035,07720
0600000US3403543620,"Manville borough, Somerset County, New Jersey",65163,8.4,74321,-888888888,34,035,43620
0600000US3403557300,"Peapack and Gladstone borough, Somerset County, New Jersey",117200,2.0,219130,-888888888,34,035,57300
0600000US3403576940,"Warren township, Somerset County, New Jersey",139569,5.2,202212,-888888888,34,035,76940
0600000US3403505590,"Bernardsville borough, Somerset County, New Jersey",136563,2.9,200952,-888888888,34,035,05590
0600000US3401340890,"Livingston township, Essex County, New Jersey",145916,5.8,193396,-888888888,34,013,40890
0600000US3401375815,"Verona township, Essex County, New Jersey",105430,7.4,140313,-888888888,34,013,75815
0600000US3401304695,"Belleville township, Essex County, New Jersey",64690,9.9,75674,-888888888,34,013,04695
0600000US3401322385,"Fairfield township, Essex County, New Jersey",100977,5.7,126203,-888888888,34,013,22385
0600000US3401326610,"Glen Ridge borough, Essex County, New Jersey",170839,5.7,229388,-888888888,34,013,26610
0600000US3401353680,"Nutley township, Essex County, New Jersey",88783,6.1,104703,-888888888,34,013,53680
0600000US3401311200,"Cedar Grove township, Essex County, New Jersey",110125,4.0,132145,-888888888,34,013,11200
0600000US3401321840,"Essex Fells borough, Essex County, New Jersey",174432,6.8,254076,-888888888,34,013,21840
0600000US3401364590,"Roseland borough, Essex County, New Jersey",96250,5.5,134595,-888888888,34,013,64590
0600000US3401369274,"South Orange Village township, Essex County, New Jersey",115901,7.0,157253,-888888888,34,013,69274
0600000US3401343800,"Maplewood township, Essex County, New Jersey",115679,6.5,158271,-888888888,34,013,43800
0600000US3401346380,"Millburn township, Essex County, New Jersey",190625,4.9,277171,-888888888,34,013,46380
0600000US3401378510,"West Caldwell township, Essex County, New Jersey",101132,6.4,128852,-888888888,34,013,78510
0600000US3401334450,"Irvington township, Essex County, New Jersey",37538,17.9,48199,-888888888,34,013,34450
0600000US3401379800,"West Orange township, Essex County, New Jersey",92479,6.9,125171,-888888888,34,013,79800
0600000US3401347500,"Montclair township, Essex County, New Jersey",102349,5.1,169323,-888888888,34,013,47500
0600000US3401352620,"North Caldwell borough, Essex County, New Jersey",188897,3.8,251119,-888888888,34,013,52620
0600000US3401351000,"Newark city, Essex County, New Jersey",33025,17.2,46417,-888888888,34,013,51000
0600000US3401319390,"East Orange city, Essex County, New Jersey",38403,16.9,53000,-888888888,34,013,19390
0600000US3402904180,"Beachwood borough, Ocean County, New Jersey",70586,7.6,83798,-888888888,34,029,04180
0600000US3402937770,"Lakehurst borough, Ocean County, New Jersey",59878,7.9,81849,-888888888,34,029,37770
0600000US3402958590,"Pine Beach borough, Ocean County, New Jersey",92125,5.8,104271,-888888888,34,029,58590
0600000US3402900000,"County subdivisions not defined, Ocean County, New Jersey",-666666666,-666666666.0,-666666666,-888888888,34,029,00000
0600000US3402903050,"Barnegat township, Ocean County, New Jersey",64637,9.7,76359,-888888888,34,029,03050
0600000US3402903940,"Beach Haven borough, Ocean County, New Jersey",84167,8.5,106340,-888888888,34,029,03940
0600000US3402934530,"Island Heights borough, Ocean County, New Jersey",80139,6.0,94449,-888888888,34,029,34530
0600000US3403357750,"Penns Grove borough, Salem County, New Jersey",34439,19.3,45324,-888888888,34,033,57750
0600000US3403130570,"Hawthorne borough, Passaic County, New Jersey",89472,6.6,103732,-888888888,34,031,30570
0600000US3403153040,"North Haledon borough, Passaic County, New Jersey",100724,9.3,127919,-888888888,34,031,53040
0600000US3403106340,"Bloomingdale borough, Passaic County, New Jersey",77049,8.8,90209,-888888888,34,031,06340
0600000US3403140620,"Little Falls township, Passaic County, New Jersey",79385,7.7,102067,-888888888,34,031,40620
0600000US3403156550,"Passaic city, Passaic County, New Jersey",33859,7.7,51111,-888888888,34,031,56550
0600000US3403177840,"Wayne township, Passaic County, New Jersey",107263,6.2,136142,-888888888,34,031,77840
0600000US3403179460,"West Milford township, Passaic County, New Jersey",101767,5.8,112252,-888888888,34,031,79460
0600000US3400351660,"New Milford borough, Bergen County, New Jersey",80709,7.1,103901,-888888888,34,003,51660
0600000US3400321510,"Englewood Cliffs borough, Bergen County, New Jersey",131936,2.9,184956,-888888888,34,003,21510
0600000US3400346110,"Midland Park borough, Bergen County, New Jersey",99436,3.1,116487,-888888888,34,003,46110
0600000US3400310480,"Carlstadt borough, Bergen County, New Jersey",84268,7.7,99652,-888888888,34,003,10480
0600000US3403915640,"Cranford township, Union County, New Jersey",116851,5.5,132807,-888888888,34,039,15640
0600000US3403936690,"Kenilworth borough, Union County, New Jersey",101250,4.6,126912,-888888888,34,039,36690
0600000US3403931980,"Hillside township, Union County, New Jersey",61955,14.8,75502,-888888888,34,039,31980
0600000US3403961530,"Rahway city, Union County, New Jersey",66457,8.9,82035,-888888888,34,039,61530
0600000US3403940350,"Linden city, Union County, New Jersey",64471,9.7,74491,-888888888,34,039,40350
0600000US3403948510,"Mountainside borough, Union County, New Jersey",122500,6.7,166054,-888888888,34,039,48510
0600000US3403966060,"Scotch Plains township, Union County, New Jersey",110514,5.4,149926,-888888888,34,039,66060
0600000US3403981650,"Winfield township, Union County, New Jersey",55707,6.1,68744,-888888888,34,039,81650
0600000US3403905320,"Berkeley Heights township, Union County, New Jersey",145724,2.5,193445,-888888888,34,039,05320
0600000US3403922860,"Fanwood borough, Union County, New Jersey",119383,7.2,141242,-888888888,34,039,22860
0600000US3403959190,"Plainfield city, Union County, New Jersey",55657,10.0,73661,-888888888,34,039,59190
0600000US3403970020,"Springfield township, Union County, New Jersey",101416,4.9,125881,-888888888,34,039,70020
0600000US3403925800,"Garwood borough, Union County, New Jersey",74521,5.8,106586,-888888888,34,039,25800
0600000US3403964650,"Roselle Park borough, Union County, New Jersey",66168,10.0,83341,-888888888,34,039,64650
0600000US3403964620,"Roselle borough, Union County, New Jersey",46118,13.8,63655,-888888888,34,039,64620
0600000US3404177270,"Washington borough, Warren County, New Jersey",69097,7.0,82504,-888888888,34,041,77270
0600000US3404100670,"Allamuchy township, Warren County, New Jersey",93885,7.8,113610,-888888888,34,041,00670
0600000US3404101030,"Alpha borough, Warren County, New Jersey",64453,7.3,79095,-888888888,34,041,01030
0600000US3404137320,"Knowlton township, Warren County, New Jersey",87109,8.1,105814,-888888888,34,041,37320
0600000US3404125320,"Frelinghuysen township, Warren County, New Jersey",105500,6.1,123542,-888888888,34,041,25320
0600000US3404128260,"Greenwich township, Warren County, New Jersey",109674,7.0,124657,-888888888,34,041,28260
0600000US3404130090,"Harmony township, Warren County, New Jersey",85573,10.5,94396,-888888888,34,041,30090
0600000US3404128710,"Hackettstown town, Warren County, New Jersey",66782,8.8,87051,-888888888,34,041,28710
0600000US3404133930,"Independence township, Warren County, New Jersey",89342,7.4,98315,-888888888,34,041,33930
0600000US3404143320,"Mansfield township, Warren County, New Jersey",64756,8.1,84432,-888888888,34,041,43320
0600000US3404159820,"Pohatcong township, Warren County, New Jersey",71168,5.8,83307,-888888888,34,041,59820
0600000US3404155530,"Oxford township, Warren County, New Jersey",81625,6.8,88215,-888888888,34,041,55530
0600000US3404158350,"Phillipsburg town, Warren County, New Jersey",44660,11.7,60758,-888888888,34,041,58350
0600000US3404177300,"Washington township, Warren County, New Jersey",102328,6.5,115181,-888888888,34,041,77300
0600000US3404124960,"Franklin township, Warren County, New Jersey",89531,6.0,106219,-888888888,34,041,24960
0600000US3404104990,"Belvidere town, Warren County, New Jersey",54688,10.0,65670,-888888888,34,041,04990
0600000US3404106160,"Blairstown township, Warren County, New Jersey",86513,8.5,105107,-888888888,34,041,06160
0600000US3404140110,"Liberty township, Warren County, New Jersey",88693,7.2,92294,-888888888,34,041,40110
0600000US3404141490,"Lopatcong township, Warren County, New Jersey",76250,7.7,95455,-888888888,34,041,41490
0600000US3404129820,"Hardwick township, Warren County, New Jersey",104464,5.3,120281,-888888888,34,041,29820
0600000US3404133060,"Hope township, Warren County, New Jersey",91563,10.0,110584,-888888888,34,041,33060
0600000US3404180570,"White township, Warren County, New Jersey",60229,10.8,75367,-888888888,34,041,80570
0600000US3401703580,"Bayonne city, Hudson County, New Jersey",54862,6.9,72125,-888888888,34,017,03580
0600000US3402959910,"Point Pleasant Beach borough, Ocean County, New Jersey",86899,2.9,120548,-888888888,34,029,59910
0600000US3402907420,"Brick township, Ocean County, New Jersey",70655,8.0,90185,-888888888,34,029,07420
0600000US3402930390,"Harvey Cedars borough, Ocean County, New Jersey",76500,6.4,123752,-888888888,34,029,30390
0600000US3402970320,"Stafford township, Ocean County, New Jersey",73025,7.8,92681,-888888888,34,029,70320
0600000US3402918670,"Eagleswood township, Ocean County, New Jersey",74167,9.7,86758,-888888888,34,029,18670
0600000US3402940560,"Little Egg Harbor township, Ocean County, New Jersey",60535,8.4,74913,-888888888,34,029,40560
0600000US3402959880,"Point Pleasant borough, Ocean County, New Jersey",87826,6.4,103541,-888888888,34,029,59880
0600000US3402937380,"Lacey township, Ocean County, New Jersey",75106,7.2,89012,-888888888,34,029,37380
0600000US3402903130,"Barnegat Light borough, Ocean County, New Jersey",76563,2.3,93661,-888888888,34,029,03130
0600000US3402938550,"Lakewood township, Ocean County, New Jersey",42993,6.4,61469,-888888888,34,029,38550
0600000US3402903520,"Bay Head borough, Ocean County, New Jersey",107656,4.6,147818,-888888888,34,029,03520
0600000US3402966450,"Seaside Heights borough, Ocean County, New Jersey",38242,8.0,64069,-888888888,34,029,66450
0600000US3402969510,"South Toms River borough, Ocean County, New Jersey",68953,12.4,69065,-888888888,34,029,69510
0600000US3402934680,"Jackson township, Ocean County, New Jersey",86721,6.3,100742,-888888888,34,029,34680
0600000US3400980210,"West Wildwood borough, Cape May County, New Jersey",47411,14.0,55970,-888888888,34,009,80210
0600000US3400981200,"Wildwood Crest borough, Cape May County, New Jersey",58897,10.8,80826,-888888888,34,009,81200
0600000US3400917560,"Dennis township, Cape May County, New Jersey",65545,8.3,74968,-888888888,34,009,17560
0600000US3400702230,"Audubon Park borough, Camden County, New Jersey",44850,11.6,54876,-888888888,34,007,02230
0600000US3403182423,"Woodland Park borough, Passaic County, New Jersey",70473,7.2,93016,-888888888,34,031,82423
0600000US3400321450,"Emerson borough, Bergen County, New Jersey",109613,8.6,116555,-888888888,34,003,21450
0600000US3400324990,"Franklin Lakes borough, Bergen County, New Jersey",160000,5.4,230098,-888888888,34,003,24990
0600000US3400330420,"Hasbrouck Heights borough, Bergen County, New Jersey",82870,6.6,99277,-888888888,34,003,30420
0600000US3400340680,"Little Ferry borough, Bergen County, New Jersey",62543,9.6,81374,-888888888,34,003,40680
0600000US3400344880,"Maywood borough, Bergen County, New Jersey",86155,6.7,109085,-888888888,34,003,44880
0600000US3400352320,"North Arlington borough, Bergen County, New Jersey",76698,6.5,93404,-888888888,34,003,52320
0600000US3400353430,"Northvale borough, Bergen County, New Jersey",88438,7.8,107744,-888888888,34,003,53430
0600000US3400354990,"Oradell borough, Bergen County, New Jersey",145761,6.0,188257,-888888888,34,003,54990
0600000US3400362910,"Ridgefield borough, Bergen County, New Jersey",70461,7.3,89727,-888888888,34,003,62910
0600000US3400372360,"Teaneck township, Bergen County, New Jersey",101128,4.1,129005,-888888888,34,003,72360
0600000US3400375140,"Upper Saddle River borough, Bergen County, New Jersey",171747,6.3,271193,-888888888,34,003,75140
0600000US3401779610,"West New York town, Hudson County, New Jersey",50334,10.1,69618,-888888888,34,017,79610
0600000US3402163850,"Robbinsville township, Mercer County, New Jersey",123269,4.5,150100,-888888888,34,021,63850
0600000US3403737440,"Lafayette township, Sussex County, New Jersey",95476,5.3,137463,-888888888,34,037,37440
0600000US3403776790,"Wantage township, Sussex County, New Jersey",91166,6.2,102379,-888888888,34,037,76790
0600000US3403709160,"Byram township, Sussex County, New Jersey",103456,5.5,117593,-888888888,34,037,09160
0600000US3403770380,"Stanhope borough, Sussex County, New Jersey",84074,3.1,91508,-888888888,34,037,70380
0600000US3403754660,"Ogdensburg borough, Sussex County, New Jersey",80227,7.4,95553,-888888888,34,037,54660
0600000US3403775740,"Vernon township, Sussex County, New Jersey",89657,7.7,101038,-888888888,34,037,75740
0600000US3403707300,"Branchville borough, Sussex County, New Jersey",59375,16.2,73724,-888888888,34,037,07300
0600000US3401122350,"Fairfield township, Cumberland County, New Jersey",49571,13.3,59459,-888888888,34,011,22350
0600000US3401174870,"Upper Deerfield township, Cumberland County, New Jersey",52291,4.9,68836,-888888888,34,011,74870
0600000US3401171160,"Stow Creek township, Cumberland County, New Jersey",68846,9.5,75248,-888888888,34,011,71160
0600000US3401118220,"Downe township, Cumberland County, New Jersey",49205,16.2,56195,-888888888,34,011,18220
0600000US3401176070,"Vineland city, Cumberland County, New Jersey",48986,8.4,66005,-888888888,34,011,76070
0600000US3401139450,"Lawrence township, Cumberland County, New Jersey",66731,9.3,78344,-888888888,34,011,39450
0600000US3401128170,"Greenwich township, Cumberland County, New Jersey",62083,7.8,76001,-888888888,34,011,28170
0600000US3401167020,"Shiloh borough, Cumberland County, New Jersey",65938,11.1,72535,-888888888,34,011,67020
0600000US3401114710,"Commercial township, Cumberland County, New Jersey",40793,14.6,52551,-888888888,34,011,14710
0600000US3401116900,"Deerfield township, Cumberland County, New Jersey",66414,8.4,73223,-888888888,34,011,16900
0600000US3401133120,"Hopewell township, Cumberland County, New Jersey",72973,6.4,86818,-888888888,34,011,33120
0600000US3403564320,"Rocky Hill borough, Somerset County, New Jersey",105625,3.4,131861,-888888888,34,035,64320
0600000US3403527510,"Green Brook township, Somerset County, New Jersey",126932,4.5,162199,-888888888,34,035,27510
0600000US3403531890,"Hillsborough township, Somerset County, New Jersey",114731,5.3,138347,-888888888,34,035,31890
0600000US3403546590,"Millstone borough, Somerset County, New Jersey",114000,4.2,112822,-888888888,34,035,46590
0600000US3403561980,"Raritan borough, Somerset County, New Jersey",72981,4.0,99140,-888888888,34,035,61980
0600000US3402974210,"Tuckerton borough, Ocean County, New Jersey",64770,5.9,71957,-888888888,34,029,74210
0600000US3400100100,"Absecon city, Atlantic County, New Jersey",63320,12.9,78550,-888888888,34,001,00100
0600000US3400160600,"Port Republic city, Atlantic County, New Jersey",89519,5.5,117174,-888888888,34,001,60600
0600000US3400100000,"County subdivisions not defined, Atlantic County, New Jersey",-666666666,-666666666.0,-666666666,-888888888,34,001,00000
0600000US3400115160,"Corbin City city, Atlantic County, New Jersey",67500,6.4,80223,-888888888,34,001,15160
0600000US3400149410,"Mullica township, Atlantic County, New Jersey",73652,14.1,83507,-888888888,34,001,49410
0600000US3400168430,"Somers Point city, Atlantic County, New Jersey",51752,7.9,67332,-888888888,34,001,68430
0600000US3400143890,"Margate City city, Atlantic County, New Jersey",66154,6.8,100022,-888888888,34,001,43890
0600000US3400159640,"Pleasantville city, Atlantic County, New Jersey",42971,13.6,51423,-888888888,34,001,59640
0600000US3400107810,"Brigantine city, Atlantic County, New Jersey",62303,5.4,81802,-888888888,34,001,07810
0600000US3400520050,"Edgewater Park township, Burlington County, New Jersey",63750,8.2,70230,-888888888,34,005,20050
0600000US3400529010,"Hainesport township, Burlington County, New Jersey",94746,4.0,121360,-888888888,34,005,29010
0600000US3400549020,"Mount Laurel township, Burlington County, New Jersey",87958,5.9,111085,-888888888,34,005,49020
0600000US3400505740,"Beverly city, Burlington County, New Jersey",47417,10.7,66796,-888888888,34,005,05740
0600000US3400508920,"Burlington city, Burlington County, New Jersey",52537,11.4,70518,-888888888,34,005,08920
0600000US3403577600,"Watchung borough, Somerset County, New Jersey",126250,2.4,212040,-888888888,34,035,77600
0600000US3403505560,"Bernards township, Somerset County, New Jersey",133533,4.0,194362,-888888888,34,035,05560
0600000US3403524900,"Franklin township, Somerset County, New Jersey",91072,6.0,110820,-888888888,34,035,24900
0600000US3403568460,"Somerville borough, Somerset County, New Jersey",68393,6.1,83740,-888888888,34,035,68460
0600000US3403507180,"Branchburg township, Somerset County, New Jersey",125421,5.9,144443,-888888888,34,035,07180
0600000US3402943140,"Manchester township, Ocean County, New Jersey",40259,11.8,56852,-888888888,34,029,43140
0600000US3402943380,"Mantoloking borough, Ocean County, New Jersey",118750,3.6,185121,-888888888,34,029,43380
0600000US3402954450,"Ocean Gate borough, Ocean County, New Jersey",64924,8.7,75464,-888888888,34,029,54450
0600000US3400383050,"Wyckoff township, Bergen County, New Jersey",143750,5.7,198899,-888888888,34,003,83050
0600000US3401517710,"Deptford township, Gloucester County, New Jersey",65584,6.8,81298,-888888888,34,015,17710
0600000US3401519180,"East Greenwich township, Gloucester County, New Jersey",119375,6.6,134505,-888888888,34,015,19180
0600000US3401578800,"West Deptford township, Gloucester County, New Jersey",68917,8.4,85757,-888888888,34,015,78800
0600000US3401582180,"Woodbury Heights borough, Gloucester County, New Jersey",85000,8.7,97881,-888888888,34,015,82180
0600000US3401521060,"Elk township, Gloucester County, New Jersey",68542,7.6,83877,-888888888,34,015,21060
0600000US3401526340,"Glassboro borough, Gloucester County, New Jersey",66625,10.2,78711,-888888888,34,015,26340
0600000US3401524840,"Franklin township, Gloucester County, New Jersey",79163,8.6,88904,-888888888,34,015,24840
0600000US3401541160,"Logan township, Gloucester County, New Jersey",97778,6.3,107317,-888888888,34,015,41160
0600000US3401528185,"Greenwich township, Gloucester County, New Jersey",64289,8.8,73385,-888888888,34,015,28185
0600000US3401549680,"National Park borough, Gloucester County, New Jersey",60750,9.7,70509,-888888888,34,015,49680
0600000US3401557150,"Paulsboro borough, Gloucester County, New Jersey",42154,15.4,58280,-888888888,34,015,57150
0600000US3402346620,"Milltown borough, Middlesex County, New Jersey",106500,12.5,126024,-888888888,34,023,46620
0600000US3402160900,"Princeton, Mercer County, New Jersey",118467,4.9,200430,-888888888,34,021,60900
0600000US3400941610,"Lower township, Cape May County, New Jersey",56241,9.4,68081,-888888888,34,009,41610
0600000US3400551510,"New Hanover township, Burlington County, New Jersey",80515,9.1,91214,-888888888,34,005,51510
0600000US3400563660,"Riverton borough, Burlington County, New Jersey",93558,5.6,114281,-888888888,34,005,63660
0600000US3400566810,"Shamong township, Burlington County, New Jersey",94588,6.7,104280,-888888888,34,005,66810
0600000US3400508950,"Burlington township, Burlington County, New Jersey",82686,8.5,95389,-888888888,34,005,08950
0600000US3400512670,"Chesterfield township, Burlington County, New Jersey",142594,6.5,147300,-888888888,34,005,12670
0600000US3400512940,"Cinnaminson township, Burlington County, New Jersey",93880,6.0,114550,-888888888,34,005,12940
0600000US3400518790,"Eastampton township, Burlington County, New Jersey",88135,6.1,97461,-888888888,34,005,18790
0600000US3400522110,"Evesham township, Burlington County, New Jersey",90315,5.7,110180,-888888888,34,005,22110
0600000US3400523250,"Fieldsboro borough, Burlington County, New Jersey",64750,7.7,82383,-888888888,34,005,23250
0600000US3400543290,"Mansfield township, Burlington County, New Jersey",89830,5.7,105801,-888888888,34,005,43290
0600000US3400547880,"Moorestown township, Burlington County, New Jersey",126218,5.3,189265,-888888888,34,005,47880
0600000US3400572060,"Tabernacle township, Burlington County, New Jersey",96475,7.7,106179,-888888888,34,005,72060
0600000US3400577150,"Washington township, Burlington County, New Jersey",65375,10.7,79114,-888888888,34,005,77150
0600000US3400542060,"Lumberton township, Burlington County, New Jersey",83988,7.7,111158,-888888888,34,005,42060
0600000US3400545210,"Medford Lakes borough, Burlington County, New Jersey",106741,6.7,124625,-888888888,34,005,45210
0600000US3400557480,"Pemberton borough, Burlington County, New Jersey",65625,5.9,77927,-888888888,34,005,57480
0600000US3400523850,"Florence township, Burlington County, New Jersey",77375,5.2,94435,-888888888,34,005,23850
0600000US3400517440,"Delran township, Burlington County, New Jersey",89737,9.2,102755,-888888888,34,005,17440
0600000US3400545120,"Medford township, Burlington County, New Jersey",114500,6.4,142861,-888888888,34,005,45120
0600000US3400548900,"Mount Holly township, Burlington County, New Jersey",61578,11.7,83166,-888888888,34,005,48900
0600000US3400563510,"Riverside township, Burlington County, New Jersey",58876,10.3,65804,-888888888,34,005,63510
0600000US3400568610,"Southampton township, Burlington County, New Jersey",54829,6.6,78900,-888888888,34,005,68610
0600000US3400582420,"Woodland township, Burlington County, New Jersey",89688,8.6,95013,-888888888,34,005,82420
0600000US3400553070,"North Hanover township, Burlington County, New Jersey",55129,10.5,69949,-888888888,34,005,53070
0600000US3400503370,"Bass River township, Burlington County, New Jersey",61713,11.5,75012,-888888888,34,005,03370
0600000US3400557510,"Pemberton township, Burlington County, New Jersey",60454,11.0,70927,-888888888,34,005,57510
0600000US3400578200,"Westampton township, Burlington County, New Jersey",100325,9.6,113230,-888888888,34,005,78200
0600000US3400555800,"Palmyra borough, Burlington County, New Jersey",66130,10.0,77443,-888888888,34,005,55800
0600000US3402570110,"Spring Lake borough, Monmouth County, New Jersey",93185,6.3,135771,-888888888,34,025,70110
0600000US3402574540,"Union Beach borough, Monmouth County, New Jersey",66596,12.6,81769,-888888888,34,025,74540
0600000US3402500000,"County subdivisions not defined, Monmouth County, New Jersey",-666666666,-666666666.0,-666666666,-888888888,34,025,00000
0600000US3402534200,"Interlaken borough, Monmouth County, New Jersey",134500,3.0,149904,-888888888,34,025,34200
0600000US3402541310,"Long Branch city, Monmouth County, New Jersey",51435,9.8,75580,-888888888,34,025,41310
0600000US3402519840,"Eatontown borough, Monmouth County, New Jersey",61548,7.1,83172,-888888888,34,025,19840
0600000US3402180240,"West Windsor township, Mercer County, New Jersey",167629,4.3,196166,-888888888,34,021,80240
0600000US3402119780,"East Windsor township, Mercer County, New Jersey",85045,7.0,101737,-888888888,34,021,19780
0600000US3402131620,"Hightstown borough, Mercer County, New Jersey",68271,6.9,95615,-888888888,34,021,31620
0600000US3402133180,"Hopewell township, Mercer County, New Jersey",126154,5.0,175577,-888888888,34,021,33180
0600000US3402122185,"Ewing township, Mercer County, New Jersey",76543,8.9,87815,-888888888,34,021,22185
0600000US3402157600,"Pennington borough, Mercer County, New Jersey",117039,4.5,174076,-888888888,34,021,57600
0600000US3402139510,"Lawrence township, Mercer County, New Jersey",95360,6.3,112455,-888888888,34,021,39510
0600000US3403724810,"Frankford township, Sussex County, New Jersey",86250,4.2,101737,-888888888,34,037,24810
0600000US3403771670,"Sussex borough, Sussex County, New Jersey",37404,19.0,49042,-888888888,34,037,71670
0600000US3403701330,"Andover borough, Sussex County, New Jersey",62813,5.1,78998,-888888888,34,037,01330
0600000US3403729850,"Hardyston township, Sussex County, New Jersey",93274,6.8,102676,-888888888,34,037,29850
0600000US3403751930,"Newton town, Sussex County, New Jersey",52226,7.9,71968,-888888888,34,037,51930
0600000US3403747430,"Montague township, Sussex County, New Jersey",66696,10.6,74980,-888888888,34,037,47430
0600000US3403776640,"Walpack township, Sussex County, New Jersey",-666666666,-666666666.0,24583,-888888888,34,037,76640
0600000US3403725140,"Fredon township, Sussex County, New Jersey",104375,7.7,118108,-888888888,34,037,25140
0600000US3403765700,"Sandyston township, Sussex County, New Jersey",74779,7.3,88952,-888888888,34,037,65700
0600000US3403769690,"Sparta township, Sussex County, New Jersey",131150,4.8,163103,-888888888,34,037,69690
0600000US3403701360,"Andover township, Sussex County, New Jersey",105417,7.7,127854,-888888888,34,037,01360
0600000US3403724930,"Franklin borough, Sussex County, New Jersey",54481,8.1,71811,-888888888,34,037,24930
0600000US3403729220,"Hamburg borough, Sussex County, New Jersey",74961,5.5,95334,-888888888,34,037,29220
0600000US3402718070,"Dover town, Morris County, New Jersey",64310,5.3,75222,-888888888,34,027,18070
0600000US3402712130,"Chatham township, Morris County, New Jersey",156607,4.2,250861,-888888888,34,027,12130
0600000US3402717650,"Denville township, Morris County, New Jersey",109063,5.5,132962,-888888888,34,027,17650
0600000US3402719210,"East Hanover township, Morris County, New Jersey",105625,8.5,134506,-888888888,34,027,19210
0600000US3402729550,"Hanover township, Morris County, New Jersey",115559,5.0,132542,-888888888,34,027,29550
0600000US3403160090,"Pompton Lakes borough, Passaic County, New Jersey",91604,6.5,99461,-888888888,34,031,60090
0600000US3403173140,"Totowa borough, Passaic County, New Jersey",96573,7.4,108092,-888888888,34,031,73140
0600000US3403113690,"Clifton city, Passaic County, New Jersey",71830,5.4,87933,-888888888,34,031,13690
